"Adult Health and Disease: Prevalence (/100) of High Blood Pressure (HBP) on April 1st, 2022ª for Neighbourhoods in the City of Toronto",,,,,,,,,,,,,,,,,,,,,,,,,,,,,,,,,,,,,,,,,,,,,,,,,,,,,,,,,,,,,,,,,,,,,,,,,,,,,,,,,,,,,,,,,,,,,,,,,,,,,,,,,,,,,,,,,,,
Table creation date:,"Data generated by OCHPP on January 17, 2024",,,,,,,,,,,,,,,,,,,,,,,,,,,,,,,,,,,,,,,,,,,,,,,,,,,,,,,,,,,,,,,,,,,,,,,,,,,,,,,,,,,,,,,,,,,,,,,,,,,,,,,,,,,,,,,,,,
Refer to the notes tab(s) for information about these data.,,,,,,,,,,,,,,,,,,,,,,,,,,,,,,,,,,,,,,,,,,,,,,,,,,,,,,,,,,,,,,,,,,,,,,,,,,,,,,,,,,,,,,,,,,,,,,,,,,,,,,,,,,,,,,,,,,,
" ©Ontario Community Health Profiles Partnership, 2024. All rights reserved. ",,,,,,,,,,,,,,,,,,,,,,,,,,,,,,,,,,,,,,,,,,,,,,,,,,,,,,,,,,,,,,,,,,,,,,,,,,,,,,,,,,,,,,,,,,,,,,,,,,,,,,,,,,,,,,,,,,,
Neighb ID,Neighbourhood Name,"# of people with High Blood Pressure (HBP) 2021/22 ±, All Ages 20+",,,"Total Population 2023 (RPDB) ª, All Ages 20+",,," Age-Standardized † rate (/100) of High Blood Pressure (HBP) 2021/22, All Ages 20+",,,,,,,,,,,"Prevalence (/100) of High Blood Pressure (HBP) 2021/22, All Ages 20+",,,,,,,,,,,"# of people with High Blood Pressure (HBP) 2021/22 ±, Age 20-44",,,"Total Population 2023 (RPDB) ª, Age 20-44",,,"Prevalence (/100) of High Blood Pressure (HBP) 2021/22, Age 20-44",,,,,,,,,,,"# of people with High Blood Pressure (HBP) 2021/22 ±, Age 45-64",,,"Total Population 2023 (RPDB) ª, Age 45-64",,,"Prevalence (/100) of High Blood Pressure (HBP) 2021/22, Age 45-64",,,,,,,,,,,"# of people with High Blood Pressure (HBP) 2021/22 ±, Age 65+",,,"Total Population 2023 (RPDB) ª, Age 65+",,,"Prevalence (/100) of High Blood Pressure (HBP) 2021/22, Age 65+",,,,,,,,,,,,,,,,,,,,,,,,,,,,,,,,,,,,,,,,,,,,,
,,  Male,Female,Total,  Male,Female,Total,  Male,Female,Total,"Rate Ratio**, Total","H/ L/ NS, Total","(95% CI) LL, Male","(95% CI) UL,  Male","(95% CI) LL, Female","(95% CI) UL, Female","(95% CI) LL, Total","(95% CI) UL, Total",  Male,Female,Total,"Rate Ratio**, Total","H/ L/ NS, Total","(95% CI) LL, Male","(95% CI) UL,  Male","(95% CI) LL, Female","(95% CI) UL, Female","(95% CI) LL, Total","(95% CI) UL, Total",  Male,Female,Total,  Male,Female,Total,  Male,Female,Total,"Rate Ratio**, Total","H/ L/ NS, Total","(95% CI) LL, Male","(95% CI) UL,  Male","(95% CI) LL, Female","(95% CI) UL, Female","(95% CI) LL, Total","(95% CI) UL, Total",  Male,Female,Total,  Male,Female,Total,  Male,Female,Total,"Rate Ratio**, Total","H/ L/ NS, Total","(95% CI) LL, Male","(95% CI) UL,  Male","(95% CI) LL, Female","(95% CI) UL, Female","(95% CI) LL, Total","(95% CI) UL, Total",  Male,Female,Total,  Male,Female,Total,  Male,Female,Total,"Rate Ratio**, Total","H/ L/ NS, Total","(95% CI) LL, Male","(95% CI) UL,  Male","(95% CI) LL, Female","(95% CI) UL, Female","(95% CI) LL, Total","(95% CI) UL, Total",,,,,,,,,,,,,,,,,,,,,,,,,,,,,,,,,,,
1,West Humber-Clairville,4141,4295,8436,15507,15578,31085,27.8,28.6,28.2,1.25,H,27.1,28.4,28.0,29.2,27.8,28.6,26.7,27.6,27.1,1.18,H,26.0,27.4,26.9,28.3,26.6,27.6,288,224,512,7914,7571,15485,3.6,3.0,3.3,1.14,H,3.2,4.1,2.6,3.3,3.0,3.6,1678,1562,3240,4601,4590,9191,36.5,34.0,35.3,1.37,H,35.1,37.9,32.7,35.4,34.3,36.2,2175,2509,4684,2992,3417,6409,72.7,73.4,73.1,1.14,H,71.1,74.3,71.9,74.9,72.0,74.2,,,,,,,,,,,,,,,,,,,,,,,,,,,,,,,,,,,
2,Mount Olive-Silverstone-Jamestown,3407,3638,7045,12720,13444,26164,28.0,29.5,28.7,1.28,H,27.3,28.7,28.8,30.1,28.3,29.2,26.8,27.1,26.9,1.17,H,26.0,27.6,26.3,27.8,26.4,27.5,248,233,481,6381,6534,12915,3.9,3.6,3.7,1.28,H,3.4,4.4,3.1,4.0,3.4,4.1,1505,1562,3067,4027,4418,8445,37.4,35.4,36.3,1.41,H,35.9,38.9,33.9,36.8,35.3,37.3,1654,1843,3497,2312,2492,4804,71.5,74.0,72.8,1.14,H,69.7,73.4,72.2,75.7,71.5,74.1,,,,,,,,,,,,,,,,,,,,,,,,,,,,,,,,,,,
3,Thistletown-Beaumond Heights,1296,1355,2651,4473,4622,9095,27.3,28.5,27.9,1.24,H,26.2,28.4,27.4,29.6,27.1,28.7,29.0,29.3,29.1,1.27,H,27.6,30.3,28.0,30.6,28.2,30.1,73,61,134,2027,2089,4116,3.6,2.9,3.3,1.14,NS,2.8,4.4,2.2,3.6,2.7,3.8,533,485,1018,1475,1419,2894,36.1,34.2,35.2,1.36,H,33.7,38.6,31.7,36.6,33.4,36.9,690,809,1499,971,1114,2085,71.1,72.6,71.9,1.12,H,68.2,73.9,70.0,75.2,70.0,73.8,,,,,,,,,,,,,,,,,,,,,,,,,,,,,,,,,,,
4,Rexdale-Kipling,1238,1415,2653,4577,4713,9290,24.7,26.7,25.7,1.14,H,23.7,25.8,25.7,27.7,25.0,26.5,27.0,30.0,28.6,1.24,H,25.8,28.3,28.7,31.3,27.6,29.5,65,63,128,2006,1890,3896,3.2,3.3,3.3,1.14,NS,2.5,4.0,2.5,4.1,2.7,3.8,477,476,953,1563,1569,3132,30.5,30.3,30.4,1.18,H,28.2,32.8,28.1,32.6,28.8,32.0,696,876,1572,1008,1254,2262,69.0,69.9,69.5,1.08,H,66.2,71.9,67.3,72.4,67.6,71.4,,,,,,,,,,,,,,,,,,,,,,,,,,,,,,,,,,,
5,Elms-Old Rexdale,992,1118,2110,3892,4005,7897,25.3,28.1,26.7,1.19,H,24.1,26.5,26.9,29.3,25.9,27.6,25.5,27.9,26.7,1.16,H,24.1,26.9,26.5,29.3,25.7,27.7,74,63,137,1821,1789,3610,4.1,3.5,3.8,1.31,H,3.2,5.0,2.7,4.4,3.2,4.4,435,471,906,1336,1374,2710,32.6,34.3,33.4,1.29,H,30.0,35.1,31.8,36.8,31.7,35.2,483,584,1067,735,842,1577,65.7,69.4,67.7,1.06,H,62.3,69.1,66.2,72.5,65.4,70.0,,,,,,,,,,,,,,,,,,,,,,,,,,,,,,,,,,,
6,Kingsview Village-The Westway,2380,2669,5049,9671,10127,19798,24.3,25.7,25.0,1.11,H,23.5,25.0,25.0,26.4,24.5,25.5,24.6,26.4,25.5,1.11,H,23.8,25.5,25.5,27.2,24.9,26.1,175,175,350,4670,4555,9225,3.7,3.8,3.8,1.31,H,3.2,4.3,3.3,4.4,3.4,4.2,918,931,1849,3063,3211,6274,30.0,29.0,29.5,1.14,H,28.3,31.6,27.4,30.6,28.3,30.6,1287,1563,2850,1938,2361,4299,66.4,66.2,66.3,1.03,H,64.3,68.5,64.3,68.1,64.9,67.7,,,,,,,,,,,,,,,,,,,,,,,,,,,,,,,,,,,
7,Willowridge-Martingrove-Richview,2685,3101,5786,8997,10046,19043,25.4,25.1,25.2,1.12,H,24.7,26.2,24.4,25.8,24.7,25.7,29.8,30.9,30.4,1.32,H,28.9,30.8,30.0,31.8,29.7,31.0,143,127,270,3689,3764,7453,3.9,3.4,3.6,1.24,H,3.3,4.5,2.8,4.0,3.2,4.0,947,844,1791,3009,3197,6206,31.5,26.4,28.9,1.12,H,29.8,33.1,24.9,27.9,27.7,30.0,1595,2130,3725,2299,3085,5384,69.4,69.0,69.2,1.08,H,67.5,71.3,67.4,70.7,68.0,70.4,,,,,,,,,,,,,,,,,,,,,,,,,,,,,,,,,,,
8,Humber Heights-Westmount,1305,1759,3064,4127,5045,9172,25.2,25.3,25.2,1.12,H,24.1,26.3,24.3,26.3,24.5,25.9,31.6,34.9,33.4,1.45,H,30.2,33.0,33.6,36.2,32.4,34.4,61,42,103,1537,1630,3167,4.0,2.6,3.3,1.14,NS,3.0,4.9,1.8,3.3,2.6,3.9,439,428,867,1425,1597,3022,30.8,26.8,28.7,1.11,H,28.4,33.2,24.6,29.0,27.1,30.3,805,1289,2094,1165,1818,2983,69.1,70.9,70.2,1.10,H,66.4,71.8,68.8,73.0,68.6,71.8,,,,,,,,,,,,,,,,,,,,,,,,,,,,,,,,,,,
9,Edenbridge-Humber Valley,1795,2055,3850,6289,7532,13821,22.6,20.9,21.6,0.96,L,21.8,23.5,20.1,21.6,21.1,22.2,28.5,27.3,27.9,1.21,H,27.4,29.7,26.3,28.3,27.1,28.6,86,69,155,2356,2585,4941,3.7,2.7,3.1,1.07,NS,2.9,4.4,2.0,3.3,2.7,3.6,580,514,1094,2190,2497,4687,26.5,20.6,23.3,0.90,L,24.6,28.3,19.0,22.2,22.1,24.6,1129,1472,2601,1743,2450,4193,64.8,60.1,62.0,0.97,L,62.5,67.0,58.1,62.0,60.6,63.5,,,,,,,,,,,,,,,,,,,,,,,,,,,,,,,,,,,
10,Princess-Rosethorn,1222,1149,2371,4682,5002,9684,21.5,19.2,20.3,0.90,L,20.5,22.5,18.3,20.1,19.6,20.9,26.1,23.0,24.5,1.07,H,24.8,27.4,21.8,24.1,23.6,25.3,44,31,75,1792,1833,3625,2.5,1.7,2.1,0.72,L,1.7,3.2,1.1,2.3,1.6,2.5,460,347,807,1667,1798,3465,27.6,19.3,23.3,0.90,L,25.4,29.7,17.5,21.1,21.9,24.7,718,771,1489,1223,1371,2594,58.7,56.2,57.4,0.90,L,55.9,61.5,53.6,58.9,55.5,59.3,,,,,,,,,,,,,,,,,,,,,,,,,,,,,,,,,,,
11,Eringate-Centennial-West Deane,2272,2463,4735,7864,8625,16489,24.7,23.3,23.9,1.06,H,23.9,25.5,22.6,24.0,23.4,24.4,28.9,28.6,28.7,1.25,H,27.9,29.9,27.6,29.5,28.0,29.4,113,77,190,3132,3135,6267,3.6,2.5,3.0,1.03,NS,3.0,4.3,1.9,3.0,2.6,3.5,867,712,1579,2787,2957,5744,31.1,24.1,27.5,1.07,H,29.4,32.8,22.5,25.6,26.3,28.6,1292,1674,2966,1945,2533,4478,66.4,66.1,66.2,1.03,H,64.3,68.5,64.2,67.9,64.8,67.6,,,,,,,,,,,,,,,,,,,,,,,,,,,,,,,,,,,
12,Markland Wood,1339,1575,2914,4270,5001,9271,23.6,22.8,23.1,1.03,NS,22.5,24.6,21.8,23.7,22.4,23.8,31.4,31.5,31.4,1.37,H,30.0,32.7,30.2,32.8,30.5,32.4,53,36,89,1457,1552,3009,3.6,2.3,3.0,1.03,NS,2.7,4.6,1.6,3.1,2.4,3.6,432,401,833,1503,1675,3178,28.7,23.9,26.2,1.02,NS,26.5,31.0,21.9,26.0,24.7,27.7,854,1138,1992,1310,1774,3084,65.2,64.1,64.6,1.01,NS,62.6,67.8,61.9,66.4,62.9,66.3,,,,,,,,,,,,,,,,,,,,,,,,,,,,,,,,,,,
13,Etobicoke West Mall,1267,1442,2709,4909,5445,10354,25.5,24.7,25.0,1.11,H,24.4,26.5,23.7,25.7,24.3,25.7,25.8,26.5,26.2,1.14,H,24.6,27.0,25.3,27.7,25.3,27.0,76,63,139,2371,2383,4754,3.2,2.6,2.9,1.00,NS,2.5,3.9,2.0,3.3,2.4,3.4,501,464,965,1543,1689,3232,32.5,27.5,29.9,1.16,H,30.1,34.8,25.3,29.6,28.3,31.4,690,915,1605,995,1373,2368,69.3,66.6,67.8,1.06,H,66.5,72.2,64.1,69.1,65.9,69.7,,,,,,,,,,,,,,,,,,,,,,,,,,,,,,,,,,,
15,Kingsway South,907,902,1809,3750,4259,8009,18.7,16.1,17.3,0.77,L,17.7,19.7,15.2,17.0,16.6,18.0,24.2,21.2,22.6,0.98,NS,22.8,25.6,20.0,22.4,21.7,23.5,–,–,–,1321,1417,2738,–,–,–,–,–,–,–,–,–,–,–,–,–,–,1400,1528,2928,–,–,–,–,–,–,–,–,–,–,–,573,666,1239,1029,1314,2343,55.7,50.7,52.9,0.83,L,52.6,58.7,48.0,53.4,50.9,54.9,,,,,,,,,,,,,,,,,,,,,,,,,,,,,,,,,,,
16,Stonegate-Queensway,2526,2411,4937,10496,11187,21683,21.2,19.3,20.2,0.90,L,20.6,21.9,18.7,19.9,19.8,20.7,24.1,21.6,22.8,0.99,NS,23.2,24.9,20.8,22.3,22.2,23.3,158,95,253,4215,4371,8586,3.7,2.2,2.9,1.00,NS,3.2,4.3,1.7,2.6,2.6,3.3,995,742,1737,3968,4079,8047,25.1,18.2,21.6,0.84,L,23.7,26.4,17.0,19.4,20.7,22.5,1373,1574,2947,2313,2737,5050,59.4,57.5,58.4,0.91,L,57.4,61.4,55.7,59.4,57.0,59.7,,,,,,,,,,,,,,,,,,,,,,,,,,,,,,,,,,,
18,New Toronto,1159,1245,2404,5116,5357,10473,22.0,22.7,22.4,1.00,NS,21.0,23.0,21.8,23.7,21.7,23.1,22.7,23.2,23.0,1.00,NS,21.5,23.8,22.1,24.4,22.1,23.8,79,59,138,2426,2424,4850,3.3,2.4,2.8,0.97,NS,2.6,4.0,1.8,3.0,2.4,3.3,430,413,843,1668,1717,3385,25.8,24.1,24.9,0.97,NS,23.7,27.9,22.0,26.1,23.4,26.4,650,773,1423,1022,1216,2238,63.6,63.6,63.6,0.99,NS,60.7,66.6,60.9,66.3,61.6,65.6,,,,,,,,,,,,,,,,,,,,,,,,,,,,,,,,,,,
19,Long Branch,1061,1019,2080,4784,4837,9621,22.3,21.7,22.0,0.98,NS,21.2,23.3,20.7,22.7,21.3,22.7,22.2,21.1,21.6,0.94,L,21.0,23.4,19.9,22.2,20.8,22.4,75,66,141,2268,2258,4526,3.3,2.9,3.1,1.07,NS,2.6,4.0,2.2,3.6,2.6,3.6,444,353,797,1650,1591,3241,26.9,22.2,24.6,0.95,NS,24.8,29.0,20.1,24.2,23.1,26.1,542,600,1142,866,988,1854,62.6,60.7,61.6,0.96,L,59.4,65.8,57.7,63.8,59.4,63.8,,,,,,,,,,,,,,,,,,,,,,,,,,,,,,,,,,,
20,Alderwood,1466,1469,2935,5454,5523,10977,24.4,23.7,24.1,1.07,H,23.4,25.3,22.8,24.6,23.4,24.7,26.9,26.6,26.7,1.16,H,25.7,28.1,25.4,27.8,25.9,27.6,93,64,157,2338,2282,4620,4.0,2.8,3.4,1.17,NS,3.2,4.8,2.1,3.5,2.9,3.9,559,420,979,1927,1809,3736,29.0,23.2,26.2,1.02,NS,27.0,31.0,21.3,25.2,24.8,27.6,814,985,1799,1189,1432,2621,68.5,68.8,68.6,1.07,H,65.8,71.1,66.4,71.2,66.9,70.4,,,,,,,,,,,,,,,,,,,,,,,,,,,,,,,,,,,
21,Humber Summit,1490,1617,3107,5004,5142,10146,27.8,28.4,28.1,1.25,H,26.7,28.8,27.4,29.4,27.4,28.8,29.8,31.4,30.6,1.33,H,28.5,31.0,30.2,32.7,29.7,31.5,90,78,168,2253,2155,4408,4.0,3.6,3.8,1.31,H,3.2,4.8,2.8,4.4,3.2,4.4,591,515,1106,1644,1630,3274,35.9,31.6,33.8,1.31,H,33.6,38.3,29.3,33.9,32.2,35.4,809,1024,1833,1107,1357,2464,73.1,75.5,74.4,1.16,H,70.5,75.7,73.2,77.8,72.7,76.1,,,,,,,,,,,,,,,,,,,,,,,,,,,,,,,,,,,
22,Humbermede,1841,2051,3892,6521,7036,13557,28.0,30.2,29.1,1.29,H,27.1,28.9,29.3,31.1,28.4,29.7,28.2,29.2,28.7,1.25,H,27.1,29.3,28.1,30.2,27.9,29.5,138,151,289,3052,3276,6328,4.5,4.6,4.6,1.59,H,3.8,5.3,3.9,5.3,4.1,5.1,813,806,1619,2226,2332,4558,36.5,34.6,35.5,1.38,H,34.5,38.5,32.6,36.5,34.1,36.9,890,1094,1984,1243,1428,2671,71.6,76.6,74.3,1.16,H,69.1,74.1,74.4,78.8,72.6,75.9,,,,,,,,,,,,,,,,,,,,,,,,,,,,,,,,,,,
23,Pelmo Park-Humberlea,1278,1371,2649,4668,5024,9692,26.6,26.7,26.6,1.18,H,25.6,27.7,25.7,27.7,25.9,27.4,27.4,27.3,27.3,1.19,H,26.1,28.7,26.1,28.5,26.4,28.2,79,76,155,2126,2187,4313,3.7,3.5,3.6,1.24,H,2.9,4.5,2.7,4.2,3.0,4.1,550,512,1062,1653,1731,3384,33.3,29.6,31.4,1.22,H,31.0,35.5,27.4,31.7,29.8,32.9,649,783,1432,889,1106,1995,73.0,70.8,71.8,1.12,H,70.1,75.9,68.1,73.5,69.8,73.8,,,,,,,,,,,,,,,,,,,,,,,,,,,,,,,,,,,
24,Black Creek,2261,2758,5019,8210,9125,17335,26.4,29.8,28.2,1.25,H,25.6,27.2,29.1,30.6,27.6,28.7,27.5,30.2,29.0,1.26,H,26.6,28.5,29.3,31.2,28.3,29.6,150,159,309,3698,4052,7750,4.1,3.9,4.0,1.38,H,3.4,4.7,3.3,4.5,3.6,4.4,957,1060,2017,2882,3053,5935,33.2,34.7,34.0,1.32,H,31.5,34.9,33.0,36.4,32.8,35.2,1154,1539,2693,1630,2020,3650,70.8,76.2,73.8,1.15,H,68.6,73.0,74.3,78.0,72.4,75.2,,,,,,,,,,,,,,,,,,,,,,,,,,,,,,,,,,,
25,Glenfield-Jane Heights,3396,4178,7574,11424,12792,24216,27.0,30.1,28.6,1.27,H,26.3,27.6,29.4,30.7,28.1,29.0,29.7,32.7,31.3,1.36,H,28.9,30.6,31.8,33.5,30.7,31.9,194,215,409,4904,5271,10175,4.0,4.1,4.0,1.38,H,3.4,4.5,3.5,4.6,3.6,4.4,1344,1488,2832,3990,4325,8315,33.7,34.4,34.1,1.32,H,32.2,35.2,33.0,35.8,33.0,35.1,1858,2475,4333,2530,3196,5726,73.4,77.4,75.7,1.18,H,71.7,75.2,76.0,78.9,74.6,76.8,,,,,,,,,,,,,,,,,,,,,,,,,,,,,,,,,,,
27,York University Heights,2800,3138,5938,12569,13002,25571,25.6,27.2,26.4,1.17,H,24.9,26.3,26.5,27.8,25.9,26.9,22.3,24.1,23.2,1.01,NS,21.5,23.0,23.4,24.9,22.7,23.7,238,209,447,6947,6631,13578,3.4,3.2,3.3,1.14,H,3.0,3.9,2.7,3.6,3.0,3.6,1181,1196,2377,3643,4008,7651,32.4,29.8,31.1,1.21,H,30.9,33.9,28.4,31.3,30.0,32.1,1381,1733,3114,1979,2363,4342,69.8,73.3,71.7,1.12,H,67.8,71.8,71.6,75.1,70.4,73.1,,,,,,,,,,,,,,,,,,,,,,,,,,,,,,,,,,,
28,Rustic,791,1010,1801,2590,2940,5530,28.1,29.8,28.9,1.28,H,26.6,29.5,28.5,31.1,28.0,29.9,30.5,34.4,32.6,1.42,H,28.8,32.3,32.6,36.1,31.3,33.8,52,47,99,1125,1133,2258,4.6,4.1,4.4,1.52,H,3.4,5.8,3.0,5.3,3.5,5.2,325,333,658,886,996,1882,36.7,33.4,35.0,1.36,H,33.5,39.9,30.5,36.4,32.8,37.1,414,630,1044,579,811,1390,71.5,77.7,75.1,1.17,H,67.8,75.2,74.8,80.5,72.8,77.4,,,,,,,,,,,,,,,,,,,,,,,,,,,,,,,,,,,
29,Maple Leaf,1501,1936,3437,5216,6034,11250,26.5,28.2,27.3,1.21,H,25.5,27.5,27.3,29.1,26.7,28.0,28.8,32.1,30.6,1.33,H,27.5,30.0,30.9,33.3,29.7,31.4,93,80,173,2281,2371,4652,4.1,3.4,3.7,1.28,H,3.3,4.9,2.6,4.1,3.2,4.3,581,638,1219,1813,2053,3866,32.0,31.1,31.5,1.22,H,29.9,34.2,29.1,33.1,30.1,33.0,827,1218,2045,1122,1610,2732,73.7,75.7,74.9,1.17,H,71.1,76.3,73.6,77.7,73.2,76.5,,,,,,,,,,,,,,,,,,,,,,,,,,,,,,,,,,,
30,Brookhaven-Amesbury,1748,1999,3747,6363,7167,13530,26.7,27.5,27.1,1.20,H,25.8,27.7,26.7,28.4,26.4,27.7,27.5,27.9,27.7,1.20,H,26.4,28.6,26.9,28.9,26.9,28.4,131,114,245,2943,3077,6020,4.5,3.7,4.1,1.41,H,3.7,5.2,3.0,4.4,3.6,4.6,737,798,1535,2150,2582,4732,34.3,30.9,32.4,1.26,H,32.3,36.3,29.1,32.7,31.1,33.8,880,1087,1967,1270,1508,2778,69.3,72.1,70.8,1.10,H,66.8,71.8,69.8,74.3,69.1,72.5,,,,,,,,,,,,,,,,,,,,,,,,,,,,,,,,,,,
31,Yorkdale-Glen Park,1707,2303,4010,6611,7677,14288,24.1,25.6,24.9,1.11,H,23.3,25.0,24.8,26.4,24.3,25.5,25.8,30.0,28.1,1.22,H,24.8,26.9,29.0,31.0,27.3,28.8,90,89,179,3083,3185,6268,2.9,2.8,2.9,1.00,NS,2.3,3.5,2.2,3.4,2.4,3.3,607,584,1191,2069,2294,4363,29.3,25.5,27.3,1.06,H,27.4,31.3,23.7,27.2,26.0,28.6,1010,1630,2640,1459,2198,3657,69.2,74.2,72.2,1.13,H,66.9,71.6,72.3,76.0,70.7,73.6,,,,,,,,,,,,,,,,,,,,,,,,,,,,,,,,,,,
32,Englemount-Lawrence,1998,2828,4826,8259,10516,18775,23.6,24.8,24.2,1.08,H,22.8,24.4,24.1,25.5,23.6,24.7,24.2,26.9,25.7,1.12,H,23.3,25.1,26.0,27.7,25.1,26.3,138,146,284,4048,4567,8615,3.4,3.2,3.3,1.14,NS,2.9,4.0,2.7,3.7,2.9,3.7,712,875,1587,2463,3225,5688,28.9,27.1,27.9,1.08,H,27.1,30.7,25.6,28.7,26.7,29.1,1148,1807,2955,1748,2724,4472,65.7,66.3,66.1,1.03,H,63.4,67.9,64.6,68.1,64.7,67.5,,,,,,,,,,,,,,,,,,,,,,,,,,,,,,,,,,,
33,Clanton Park,1188,1291,2479,5488,6123,11611,22.3,22.6,22.4,1.00,NS,21.3,23.2,21.6,23.5,21.7,23.0,21.6,21.1,21.4,0.93,L,20.6,22.7,20.1,22.1,20.6,22.1,86,67,153,2718,2903,5621,3.2,2.3,2.7,0.93,NS,2.5,3.8,1.8,2.9,2.3,3.1,484,508,992,1772,2062,3834,27.3,24.6,25.9,1.00,NS,25.2,29.4,22.8,26.5,24.5,27.3,618,716,1334,998,1158,2156,61.9,61.8,61.9,0.97,L,58.9,64.9,59.0,64.6,59.8,63.9,,,,,,,,,,,,,,,,,,,,,,,,,,,,,,,,,,,
34,Bathurst Manor,2340,2754,5094,8895,10335,19230,24.7,24.3,24.4,1.08,H,23.9,25.4,23.6,24.9,23.9,24.9,26.3,26.6,26.5,1.15,H,25.4,27.2,25.8,27.5,25.9,27.1,171,103,274,3983,4227,8210,4.3,2.4,3.3,1.14,NS,3.7,4.9,2.0,2.9,2.9,3.7,914,903,1817,3037,3564,6601,30.1,25.3,27.5,1.07,H,28.5,31.7,23.9,26.8,26.4,28.6,1255,1748,3003,1875,2544,4419,66.9,68.7,68.0,1.06,H,64.8,69.1,66.9,70.5,66.6,69.3,,,,,,,,,,,,,,,,,,,,,,,,,,,,,,,,,,,
35,Westminster-Branson,3095,3827,6922,11146,13330,24476,25.1,25.2,25.1,1.12,H,24.4,25.8,24.6,25.8,24.6,25.5,27.8,28.7,28.3,1.23,H,26.9,28.6,27.9,29.5,27.7,28.8,229,149,378,4915,5249,10164,4.7,2.8,3.7,1.28,H,4.1,5.2,2.4,3.3,3.4,4.1,1118,1254,2372,3620,4504,8124,30.9,27.8,29.2,1.13,H,29.4,32.4,26.5,29.2,28.2,30.2,1748,2424,4172,2611,3577,6188,66.9,67.8,67.4,1.05,H,65.1,68.8,66.2,69.3,66.3,68.6,,,,,,,,,,,,,,,,,,,,,,,,,,,,,,,,,,,
36,Newtonbrook West,2806,3111,5917,11674,13046,24720,23.2,22.7,22.9,1.02,NS,22.6,23.9,22.1,23.3,22.4,23.3,24.0,23.8,23.9,1.04,H,23.3,24.8,23.1,24.6,23.4,24.5,181,112,293,5535,5700,11235,3.3,2.0,2.6,0.90,NS,2.8,3.7,1.6,2.3,2.3,2.9,1059,1039,2098,3724,4271,7995,28.4,24.3,26.2,1.02,NS,27.0,29.9,23.0,25.6,25.3,27.2,1566,1960,3526,2415,3075,5490,64.8,63.7,64.2,1.00,NS,62.9,66.7,62.0,65.4,63.0,65.5,,,,,,,,,,,,,,,,,,,,,,,,,,,,,,,,,,,
37,Willowdale West,1591,1807,3398,7082,8132,15214,20.6,19.3,19.9,0.88,L,19.8,21.5,18.6,20.0,19.3,20.4,22.5,22.2,22.3,0.97,NS,21.5,23.4,21.3,23.1,21.7,23.0,96,50,146,3371,3558,6929,2.8,1.4,2.1,0.72,L,2.3,3.4,1.0,1.8,1.8,2.4,487,411,898,2084,2342,4426,23.4,17.5,20.3,0.79,L,21.6,25.2,16.0,19.1,19.1,21.5,1008,1346,2354,1627,2232,3859,62.0,60.3,61.0,0.95,L,59.6,64.3,58.3,62.3,59.5,62.5,,,,,,,,,,,,,,,,,,,,,,,,,,,,,,,,,,,
38,Lansing-Westgate,1256,1168,2424,6275,7089,13364,20.1,17.1,18.5,0.82,L,19.2,21.0,16.4,17.9,17.9,19.1,20.0,16.5,18.1,0.79,L,19.0,21.0,15.6,17.3,17.5,18.8,89,54,143,3081,3420,6501,2.9,1.6,2.2,0.76,L,2.3,3.5,1.2,2.0,1.8,2.6,465,366,831,2007,2209,4216,23.2,16.6,19.7,0.76,L,21.3,25.0,15.0,18.1,18.5,20.9,702,748,1450,1187,1460,2647,59.1,51.2,54.8,0.85,L,56.3,61.9,48.7,53.8,52.9,56.7,,,,,,,,,,,,,,,,,,,,,,,,,,,,,,,,,,,
39,Bedford Park-Nortown,2138,2207,4345,9119,10602,19721,19.9,17.8,18.7,0.83,L,19.2,20.6,17.2,18.4,18.3,19.2,23.4,20.8,22.0,0.96,L,22.6,24.3,20.0,21.6,21.5,22.6,107,68,175,3720,4041,7761,2.9,1.7,2.3,0.79,L,2.3,3.4,1.3,2.1,1.9,2.6,726,625,1351,3179,3774,6953,22.8,16.6,19.4,0.75,L,21.4,24.3,15.4,17.7,18.5,20.4,1305,1514,2819,2220,2787,5007,58.8,54.3,56.3,0.88,L,56.7,60.8,52.5,56.2,54.9,57.7,,,,,,,,,,,,,,,,,,,,,,,,,,,,,,,,,,,
40,St.Andrew-Windfields,1762,1667,3429,7185,7953,15138,20.0,17.3,18.5,0.82,L,19.2,20.7,16.6,18.0,18.0,19.0,24.5,21.0,22.7,0.99,NS,23.5,25.5,20.1,21.9,22.0,23.3,105,41,146,2805,2861,5666,3.7,1.4,2.6,0.90,NS,3.0,4.4,1.0,1.9,2.2,3.0,552,472,1024,2472,2915,5387,22.3,16.2,19.0,0.74,L,20.7,24.0,14.9,17.5,18.0,20.1,1105,1154,2259,1908,2177,4085,57.9,53.0,55.3,0.86,L,55.7,60.1,50.9,55.1,53.8,56.8,,,,,,,,,,,,,,,,,,,,,,,,,,,,,,,,,,,
41,Bridle Path-Sunnybrook-York Mills,955,786,1741,3894,4377,8271,18.0,14.4,16.1,0.72,L,16.9,19.0,13.6,15.3,15.4,16.7,24.5,18.0,21.0,0.91,L,23.2,25.9,16.8,19.1,20.2,21.9,34,23,57,1380,1516,2896,2.5,1.5,2.0,0.69,L,1.6,3.3,0.9,2.1,1.5,2.5,260,196,456,1325,1632,2957,19.6,12.0,15.4,0.60,L,17.5,21.8,10.4,13.6,14.1,16.7,661,567,1228,1189,1229,2418,55.6,46.1,50.8,0.79,L,52.8,58.4,43.3,48.9,48.8,52.8,,,,,,,,,,,,,,,,,,,,,,,,,,,,,,,,,,,
42,Banbury-Don Mills,3413,3902,7315,11830,13897,25727,22.4,20.7,21.4,0.95,L,21.8,23.0,20.1,21.2,21.0,21.8,28.9,28.1,28.4,1.23,H,28.0,29.7,27.3,28.8,27.9,29.0,145,102,247,4466,4708,9174,3.2,2.2,2.7,0.93,NS,2.7,3.8,1.8,2.6,2.4,3.0,1011,868,1879,3995,4480,8475,25.3,19.4,22.2,0.86,L,24.0,26.7,18.2,20.5,21.3,23.1,2257,2932,5189,3369,4709,8078,67.0,62.3,64.2,1.00,NS,65.4,68.6,60.9,63.6,63.2,65.3,,,,,,,,,,,,,,,,,,,,,,,,,,,,,,,,,,,
43,Victoria Village,2022,2451,4473,7095,8099,15194,25.8,26.4,26.1,1.16,H,24.9,26.7,25.6,27.1,25.5,26.7,28.5,30.3,29.4,1.28,H,27.4,29.5,29.3,31.3,28.7,30.2,139,119,258,3061,3246,6307,4.5,3.7,4.1,1.41,H,3.8,5.3,3.0,4.3,3.6,4.6,778,752,1530,2414,2584,4998,32.2,29.1,30.6,1.19,H,30.4,34.1,27.4,30.9,29.3,31.9,1105,1580,2685,1620,2269,3889,68.2,69.6,69.0,1.08,H,65.9,70.5,67.7,71.5,67.6,70.5,,,,,,,,,,,,,,,,,,,,,,,,,,,,,,,,,,,
44,Flemingdon Park,2000,2365,4365,8713,9702,18415,24.3,24.9,24.6,1.09,H,23.5,25.1,24.1,25.6,24.0,25.1,23.0,24.4,23.7,1.03,H,22.1,23.8,23.5,25.2,23.1,24.3,157,154,311,4493,4598,9091,3.5,3.3,3.4,1.17,H,3.0,4.0,2.8,3.9,3.0,3.8,803,845,1648,2665,2986,5651,30.1,28.3,29.2,1.13,H,28.4,31.9,26.7,29.9,28.0,30.3,1040,1366,2406,1555,2118,3673,66.9,64.5,65.5,1.02,NS,64.5,69.2,62.5,66.5,64.0,67.0,,,,,,,,,,,,,,,,,,,,,,,,,,,,,,,,,,,
46,Pleasant View,1858,2014,3872,7179,7828,15007,22.9,22.8,22.8,1.01,NS,22.1,23.7,22.0,23.5,22.3,23.4,25.9,25.7,25.8,1.12,H,24.9,26.9,24.8,26.7,25.1,26.5,100,69,169,3131,3194,6325,3.2,2.2,2.7,0.93,NS,2.6,3.8,1.7,2.7,2.3,3.1,630,616,1246,2376,2565,4941,26.5,24.0,25.2,0.98,NS,24.7,28.3,22.4,25.7,24.0,26.4,1128,1329,2457,1672,2069,3741,67.5,64.2,65.7,1.02,H,65.2,69.7,62.2,66.3,64.2,67.2,,,,,,,,,,,,,,,,,,,,,,,,,,,,,,,,,,,
47,Don Valley Village,2359,2683,5042,10051,11451,21502,21.8,20.8,21.2,0.94,L,21.1,22.5,20.2,21.4,20.7,21.7,23.5,23.4,23.4,1.02,NS,22.6,24.3,22.7,24.2,22.9,24.0,149,94,243,4677,4858,9535,3.2,1.9,2.5,0.86,NS,2.7,3.7,1.5,2.3,2.2,2.9,798,724,1522,3144,3565,6709,25.4,20.3,22.7,0.88,L,23.9,26.9,19.0,21.6,21.7,23.7,1412,1865,3277,2230,3028,5258,63.3,61.6,62.3,0.97,L,61.3,65.3,59.9,63.3,61.0,63.6,,,,,,,,,,,,,,,,,,,,,,,,,,,,,,,,,,,
48,Hillcrest Village,2083,2582,4665,7059,8317,15376,22.0,21.8,21.9,0.97,L,21.2,22.9,21.1,22.5,21.3,22.4,29.5,31.0,30.3,1.32,H,28.4,30.6,30.1,32.0,29.6,31.1,96,50,146,2666,2653,5319,3.6,1.9,2.7,0.93,NS,2.9,4.3,1.4,2.4,2.3,3.2,536,566,1102,2178,2618,4796,24.6,21.6,23.0,0.89,L,22.8,26.4,20.0,23.2,21.8,24.2,1451,1966,3417,2215,3046,5261,65.5,64.5,64.9,1.01,NS,63.5,67.5,62.8,66.2,63.7,66.2,,,,,,,,,,,,,,,,,,,,,,,,,,,,,,,,,,,
49,Bayview Woods-Steeles,1696,2032,3728,6139,7367,13506,21.5,20.6,21.0,0.93,L,20.6,22.4,19.8,21.3,20.4,21.5,27.6,27.6,27.6,1.20,H,26.5,28.7,26.6,28.6,26.8,28.4,97,49,146,2432,2595,5027,4.0,1.9,2.9,1.00,NS,3.2,4.8,1.4,2.4,2.4,3.4,451,458,909,1884,2275,4159,23.9,20.1,21.9,0.85,L,22.0,25.9,18.5,21.8,20.6,23.1,1148,1525,2673,1823,2497,4320,63.0,61.1,61.9,0.97,L,60.8,65.2,59.2,63.0,60.4,63.3,,,,,,,,,,,,,,,,,,,,,,,,,,,,,,,,,,,
50,Newtonbrook East,1385,1443,2828,5829,6328,12157,20.8,19.2,19.9,0.88,L,19.9,21.8,18.4,20.0,19.3,20.5,23.8,22.8,23.3,1.01,NS,22.7,24.9,21.8,23.8,22.5,24.0,68,30,98,2638,2620,5258,2.6,1.1,1.9,0.66,L,2.0,3.2,0.7,1.6,1.5,2.2,430,338,768,1724,1941,3665,24.9,17.4,21.0,0.81,L,22.9,27.0,15.7,19.1,19.6,22.3,887,1075,1962,1467,1767,3234,60.5,60.8,60.7,0.95,L,58.0,63.0,58.6,63.1,59.0,62.4,,,,,,,,,,,,,,,,,,,,,,,,,,,,,,,,,,,
52,Bayview Village,1896,2035,3931,9021,10537,19558,20.0,18.2,19.0,0.84,L,19.2,20.7,17.6,18.8,18.5,19.4,21.0,19.3,20.1,0.87,L,20.2,21.9,18.6,20.1,19.5,20.7,123,73,196,4521,4994,9515,2.7,1.5,2.1,0.72,L,2.2,3.2,1.1,1.8,1.8,2.3,559,479,1038,2502,2958,5460,22.3,16.2,19.0,0.74,L,20.7,24.0,14.9,17.5,18.0,20.1,1214,1483,2697,1998,2585,4583,60.8,57.4,58.8,0.92,L,58.6,62.9,55.5,59.3,57.4,60.3,,,,,,,,,,,,,,,,,,,,,,,,,,,,,,,,,,,
53,Henry Farm,1396,1568,2964,9396,10368,19764,21.3,21.3,21.3,0.95,L,20.4,22.1,20.5,22.2,20.7,21.9,14.9,15.1,15.0,0.65,L,14.1,15.6,14.4,15.8,14.5,15.5,164,123,287,6121,6425,12546,2.7,1.9,2.3,0.79,L,2.3,3.1,1.6,2.2,2.0,2.5,562,574,1136,2165,2475,4640,26.0,23.2,24.5,0.95,L,24.1,27.8,21.5,24.9,23.2,25.7,670,871,1541,1110,1468,2578,60.4,59.3,59.8,0.93,L,57.5,63.2,56.8,61.8,57.9,61.7,,,,,,,,,,,,,,,,,,,,,,,,,,,,,,,,,,,
54,O'Connor-Parkview,1966,2126,4092,7895,8483,16378,23.6,23.5,23.5,1.04,H,22.8,24.4,22.8,24.3,23.0,24.1,24.9,25.1,25.0,1.09,H,23.9,25.9,24.1,26.0,24.3,25.6,121,111,232,3468,3543,7011,3.5,3.1,3.3,1.14,NS,2.9,4.1,2.6,3.7,2.9,3.7,832,712,1544,2870,2969,5839,29.0,24.0,26.4,1.02,NS,27.3,30.6,22.4,25.5,25.3,27.6,1013,1303,2316,1557,1971,3528,65.1,66.1,65.6,1.02,NS,62.7,67.4,64.0,68.2,64.1,67.2,,,,,,,,,,,,,,,,,,,,,,,,,,,,,,,,,,,
55,Thorncliffe Park,1809,2051,3860,8165,8590,16755,24.8,26.8,25.8,1.15,H,24.0,25.7,26.0,27.7,25.3,26.4,22.2,23.9,23.0,1.00,NS,21.3,23.1,23.0,24.8,22.4,23.7,181,131,312,4287,4491,8778,4.2,2.9,3.6,1.24,H,3.6,4.8,2.4,3.4,3.2,3.9,805,759,1564,2663,2444,5107,30.2,31.1,30.6,1.19,H,28.5,32.0,29.2,32.9,29.4,31.9,823,1161,1984,1215,1655,2870,67.7,70.2,69.1,1.08,H,65.1,70.4,67.9,72.4,67.4,70.8,,,,,,,,,,,,,,,,,,,,,,,,,,,,,,,,,,,
56,Leaside-Bennington,1461,1536,2997,6764,7841,14605,17.9,16.3,17.0,0.76,L,17.2,18.7,15.7,17.0,16.5,17.5,21.6,19.6,20.5,0.89,L,20.6,22.6,18.7,20.5,19.9,21.2,59,39,98,2479,2712,5191,2.4,1.4,1.9,0.66,L,1.8,3.0,1.0,1.9,1.5,2.3,554,442,996,2713,3082,5795,20.4,14.3,17.2,0.67,L,18.9,21.9,13.1,15.6,16.2,18.2,848,1055,1903,1572,2047,3619,53.9,51.5,52.6,0.82,L,51.5,56.4,49.4,53.7,51.0,54.2,,,,,,,,,,,,,,,,,,,,,,,,,,,,,,,,,,,
57,Broadview North,1021,1186,2207,4659,5309,9968,20.8,21.1,20.9,0.93,L,19.8,21.8,20.2,22.0,20.3,21.6,21.9,22.3,22.1,0.96,NS,20.7,23.1,21.2,23.5,21.3,23.0,61,54,115,2074,2289,4363,2.9,2.4,2.6,0.90,NS,2.2,3.7,1.7,3.0,2.2,3.1,401,368,769,1678,1786,3464,23.9,20.6,22.2,0.86,L,21.9,25.9,18.7,22.5,20.8,23.6,559,764,1323,907,1234,2141,61.6,61.9,61.8,0.96,L,58.5,64.8,59.2,64.6,59.7,63.9,,,,,,,,,,,,,,,,,,,,,,,,,,,,,,,,,,,
58,Old East York,922,913,1835,3850,4038,7888,21.6,20.0,20.8,0.92,L,20.5,22.7,19.0,21.0,20.0,21.5,23.9,22.6,23.3,1.01,NS,22.6,25.3,21.3,23.9,22.3,24.2,54,31,85,1580,1578,3158,3.4,2.0,2.7,0.93,NS,2.5,4.3,1.3,2.6,2.1,3.3,372,274,646,1466,1448,2914,25.4,18.9,22.2,0.86,L,23.1,27.6,16.9,20.9,20.7,23.7,496,608,1104,804,1012,1816,61.7,60.1,60.8,0.95,L,58.3,65.1,57.1,63.1,58.5,63.0,,,,,,,,,,,,,,,,,,,,,,,,,,,,,,,,,,,
59,Danforth-East York,1578,1645,3223,6918,7620,14538,21.0,19.9,20.4,0.91,L,20.2,21.8,19.2,20.7,19.9,21.0,22.8,21.6,22.2,0.97,L,21.8,23.8,20.7,22.5,21.5,22.8,111,62,173,2958,3186,6144,3.8,1.9,2.8,0.97,NS,3.1,4.4,1.5,2.4,2.4,3.2,571,467,1038,2561,2639,5200,22.3,17.7,20.0,0.78,L,20.7,23.9,16.2,19.2,18.9,21.0,896,1116,2012,1399,1795,3194,64.0,62.2,63.0,0.98,NS,61.5,66.6,59.9,64.4,61.3,64.7,,,,,,,,,,,,,,,,,,,,,,,,,,,,,,,,,,,
60,Woodbine-Lumsden,756,717,1473,3345,3583,6928,22.0,19.6,20.7,0.92,L,20.7,23.2,18.5,20.7,19.9,21.5,22.6,20.0,21.3,0.93,L,21.2,24.0,18.7,21.3,20.3,22.2,59,36,95,1528,1577,3105,3.9,2.3,3.1,1.07,NS,2.9,4.8,1.5,3.0,2.5,3.7,300,225,525,1184,1229,2413,25.3,18.3,21.8,0.84,L,22.9,27.8,16.1,20.5,20.1,23.4,397,456,853,633,777,1410,62.7,58.7,60.5,0.94,L,59.0,66.5,55.2,62.1,57.9,63.0,,,,,,,,,,,,,,,,,,,,,,,,,,,,,,,,,,,
61,Taylor-Massey,1707,1595,3302,7793,7101,14894,23.7,25.2,24.5,1.09,H,22.9,24.6,24.3,26.1,23.9,25.1,21.9,22.5,22.2,0.97,L,21.0,22.8,21.5,23.4,21.5,22.8,197,147,344,3911,3615,7526,5.0,4.1,4.6,1.59,H,4.4,5.7,3.4,4.7,4.1,5.0,767,616,1383,2707,2216,4923,28.3,27.8,28.1,1.09,H,26.6,30.0,25.9,29.7,26.8,29.3,743,832,1575,1175,1270,2445,63.2,65.5,64.4,1.00,NS,60.5,66.0,62.9,68.1,62.5,66.3,,,,,,,,,,,,,,,,,,,,,,,,,,,,,,,,,,,
62,East End-Danforth,1952,1898,3850,9297,10033,19330,20.6,19.4,20.0,0.89,L,19.8,21.3,18.8,20.1,19.5,20.5,21.0,18.9,19.9,0.87,L,20.2,21.8,18.2,19.7,19.4,20.5,143,112,255,4191,4456,8647,3.4,2.5,2.9,1.00,NS,2.9,4.0,2.1,3.0,2.6,3.3,822,679,1501,3420,3623,7043,24.0,18.7,21.3,0.83,L,22.6,25.5,17.5,20.0,20.4,22.3,987,1107,2094,1686,1954,3640,58.5,56.7,57.5,0.90,L,56.2,60.9,54.5,58.9,55.9,59.1,,,,,,,,,,,,,,,,,,,,,,,,,,,,,,,,,,,
63,The Beaches,1810,1633,3443,8831,10059,18890,17.8,14.9,16.3,0.72,L,17.2,18.5,14.3,15.5,15.9,16.7,20.5,16.2,18.2,0.79,L,19.7,21.3,15.5,17.0,17.7,18.8,109,59,168,3429,4047,7476,3.2,1.5,2.2,0.76,L,2.6,3.8,1.1,1.8,1.9,2.6,668,497,1165,3487,3673,7160,19.2,13.5,16.3,0.63,L,17.9,20.5,12.4,14.6,15.4,17.1,1033,1077,2110,1915,2339,4254,53.9,46.0,49.6,0.77,L,51.7,56.2,44.0,48.1,48.1,51.1,,,,,,,,,,,,,,,,,,,,,,,,,,,,,,,,,,,
64,Woodbine Corridor,1036,1027,2063,5154,5487,10641,20.0,18.9,19.5,0.87,L,19.1,21.0,18.0,19.8,18.8,20.1,20.1,18.7,19.4,0.84,L,19.0,21.2,17.7,19.7,18.6,20.1,95,47,142,2282,2389,4671,4.2,2.0,3.0,1.03,NS,3.3,5.0,1.4,2.5,2.5,3.5,445,368,813,2015,2005,4020,22.1,18.4,20.2,0.78,L,20.3,23.9,16.7,20.0,19.0,21.5,496,612,1108,857,1093,1950,57.9,56.0,56.8,0.89,L,54.6,61.2,53.0,58.9,54.6,59.0,,,,,,,,,,,,,,,,,,,,,,,,,,,,,,,,,,,
65,Greenwood-Coxwell,1088,1131,2219,5907,6135,12042,19.4,19.8,19.6,0.87,L,18.5,20.3,19.0,20.7,19.0,20.2,18.4,18.4,18.4,0.80,L,17.4,19.4,17.5,19.4,17.7,19.1,99,64,163,2888,2936,5824,3.4,2.2,2.8,0.97,NS,2.8,4.1,1.7,2.7,2.4,3.2,445,368,813,2070,2047,4117,21.5,18.0,19.7,0.76,L,19.7,23.3,16.3,19.6,18.5,21.0,544,699,1243,949,1152,2101,57.3,60.7,59.2,0.92,L,54.2,60.5,57.9,63.5,57.1,61.3,,,,,,,,,,,,,,,,,,,,,,,,,,,,,,,,,,,
66,Danforth,868,801,1669,3954,4146,8100,19.9,18.6,19.2,0.85,L,18.8,21.0,17.6,19.6,18.5,20.0,22.0,19.3,20.6,0.90,L,20.7,23.2,18.1,20.5,19.7,21.5,63,37,100,1748,1861,3609,3.6,2.0,2.8,0.97,NS,2.7,4.5,1.4,2.6,2.2,3.3,287,224,511,1348,1340,2688,21.3,16.7,19.0,0.74,L,19.1,23.5,14.7,18.7,17.5,20.5,518,540,1058,858,945,1803,60.4,57.1,58.7,0.92,L,57.1,63.6,54.0,60.3,56.4,61.0,,,,,,,,,,,,,,,,,,,,,,,,,,,,,,,,,,,
67,Playter Estates-Danforth,730,699,1429,3427,3556,6983,18.5,17.0,17.8,0.79,L,17.4,19.7,16.0,18.0,17.0,18.6,21.3,19.7,20.5,0.89,L,19.9,22.7,18.4,21.0,19.5,21.4,36,23,59,1445,1492,2937,2.5,1.5,2.0,0.69,L,1.7,3.3,0.9,2.2,1.5,2.5,245,157,402,1194,1126,2320,20.5,13.9,17.3,0.67,L,18.2,22.8,11.9,16.0,15.8,18.9,449,519,968,788,938,1726,57.0,55.3,56.1,0.88,L,53.5,60.4,52.1,58.5,53.7,58.4,,,,,,,,,,,,,,,,,,,,,,,,,,,,,,,,,,,
68,North Riverdale,1013,945,1958,5048,5307,10355,18.0,16.2,17.0,0.76,L,17.1,18.8,15.3,17.0,16.4,17.6,20.1,17.8,18.9,0.82,L,19.0,21.2,16.8,18.8,18.2,19.7,51,35,86,2150,2163,4313,2.4,1.6,2.0,0.69,L,1.7,3.0,1.1,2.1,1.6,2.4,338,242,580,1829,1882,3711,18.5,12.9,15.6,0.60,L,16.7,20.3,11.3,14.4,14.5,16.8,624,668,1292,1069,1262,2331,58.4,52.9,55.4,0.86,L,55.4,61.3,50.2,55.7,53.4,57.4,,,,,,,,,,,,,,,,,,,,,,,,,,,,,,,,,,,
69,Blake-Jones,616,543,1159,3236,3414,6650,20.1,18.2,19.1,0.85,L,18.9,21.4,17.1,19.4,18.3,20.0,19.0,15.9,17.4,0.76,L,17.7,20.4,14.7,17.1,16.5,18.3,52,30,82,1579,1632,3211,3.3,1.8,2.6,0.90,NS,2.4,4.2,1.2,2.5,2.0,3.1,269,208,477,1143,1232,2375,23.5,16.9,20.1,0.78,L,21.1,26.0,14.8,19.0,18.5,21.7,295,305,600,514,550,1064,57.4,55.5,56.4,0.88,L,53.1,61.7,51.3,59.6,53.4,59.4,,,,,,,,,,,,,,,,,,,,,,,,,,,,,,,,,,,
70,South Riverdale,2272,2057,4329,12439,12410,24849,19.2,18.8,19.0,0.84,L,18.6,19.8,18.2,19.4,18.6,19.5,18.3,16.6,17.4,0.76,L,17.6,18.9,15.9,17.2,16.9,17.9,176,121,297,6057,6180,12237,2.9,2.0,2.4,0.83,L,2.5,3.3,1.6,2.3,2.2,2.7,924,663,1587,4373,4077,8450,21.1,16.3,18.8,0.73,L,19.9,22.3,15.1,17.4,17.9,19.6,1172,1273,2445,2009,2153,4162,58.3,59.1,58.7,0.92,L,56.2,60.5,57.1,61.2,57.3,60.2,,,,,,,,,,,,,,,,,,,,,,,,,,,,,,,,,,,
71,Cabbagetown-South St.James Town,1424,991,2415,6599,5025,11624,19.8,18.3,19.3,0.86,L,18.9,20.6,17.4,19.2,18.7,20.0,21.6,19.7,20.8,0.90,L,20.6,22.6,18.6,20.8,20.0,21.5,76,39,115,2779,2286,5065,2.7,1.7,2.3,0.79,L,2.1,3.3,1.2,2.2,1.9,2.7,580,261,841,2469,1470,3939,23.5,17.8,21.4,0.83,L,21.8,25.2,15.8,19.7,20.1,22.6,768,691,1459,1351,1269,2620,56.8,54.5,55.7,0.87,L,54.2,59.5,51.7,57.2,53.8,57.6,,,,,,,,,,,,,,,,,,,,,,,,,,,,,,,,,,,
72,Regent Park,1057,947,2004,5892,5670,11562,22.3,22.9,22.6,1.00,NS,21.3,23.3,21.8,24.0,21.9,23.3,17.9,16.7,17.3,0.75,L,17.0,18.9,15.7,17.7,16.6,18.0,110,68,178,3378,3296,6674,3.3,2.1,2.7,0.93,NS,2.7,3.9,1.6,2.5,2.3,3.1,469,416,885,1757,1634,3391,26.7,25.5,26.1,1.01,NS,24.6,28.8,23.3,27.6,24.6,27.6,478,463,941,757,740,1497,63.1,62.6,62.9,0.98,NS,59.7,66.6,59.1,66.1,60.4,65.3,,,,,,,,,,,,,,,,,,,,,,,,,,,,,,,,,,,
73,Moss Park,2029,1261,3290,12311,9526,21837,19.7,19.3,19.7,0.88,L,19.0,20.4,18.5,20.2,19.2,20.2,16.5,13.2,15.1,0.66,L,15.8,17.1,12.6,13.9,14.6,15.5,197,99,296,6745,5932,12677,2.9,1.7,2.3,0.79,L,2.5,3.3,1.3,2.0,2.1,2.6,939,497,1436,3960,2354,6314,23.7,21.1,22.7,0.88,L,22.4,25.0,19.5,22.8,21.7,23.8,893,665,1558,1606,1240,2846,55.6,53.6,54.7,0.85,L,53.2,58.0,50.9,56.4,52.9,56.6,,,,,,,,,,,,,,,,,,,,,,,,,,,,,,,,,,,
74,North St.James Town,1606,1503,3109,9141,7868,17009,22.3,24.2,23.3,1.04,H,21.5,23.2,23.3,25.1,22.7,23.9,17.6,19.1,18.3,0.80,L,16.8,18.3,18.2,20.0,17.7,18.9,199,91,290,5311,4444,9755,3.7,2.0,3.0,1.03,NS,3.2,4.3,1.6,2.5,2.6,3.3,766,601,1367,2757,2179,4936,27.8,27.6,27.7,1.07,H,26.1,29.5,25.7,29.5,26.4,28.9,641,811,1452,1073,1245,2318,59.7,65.1,62.6,0.98,NS,56.8,62.7,62.5,67.8,60.7,64.6,,,,,,,,,,,,,,,,,,,,,,,,,,,,,,,,,,,
78,Kensington-Chinatown,1480,1687,3167,8927,9001,17928,20.1,21.2,20.7,0.92,L,19.3,20.9,20.4,22.0,20.1,21.2,16.6,18.7,17.7,0.77,L,15.8,17.4,17.9,19.5,17.1,18.2,99,63,162,5367,5011,10378,1.8,1.3,1.6,0.55,L,1.5,2.2,0.9,1.6,1.3,1.8,497,449,946,2120,2161,4281,23.4,20.8,22.1,0.86,L,21.6,25.2,19.1,22.5,20.9,23.3,884,1175,2059,1440,1829,3269,61.4,64.2,63.0,0.98,NS,58.9,63.9,62.0,66.4,61.3,64.6,,,,,,,,,,,,,,,,,,,,,,,,,,,,,,,,,,,
79,University,572,663,1235,4348,4603,8951,16.3,17.0,16.7,0.74,L,15.2,17.4,16.0,18.1,15.9,17.5,13.2,14.4,13.8,0.60,L,12.2,14.2,13.4,15.4,13.1,14.5,46,26,72,2668,2749,5417,1.7,0.9,1.3,0.45,L,1.2,2.2,0.6,1.3,1.0,1.6,171,136,307,1029,966,1995,16.6,14.1,15.4,0.60,L,14.3,18.9,11.9,16.3,13.8,17.0,355,501,856,651,888,1539,54.5,56.4,55.6,0.87,L,50.7,58.4,53.2,59.7,53.1,58.1,,,,,,,,,,,,,,,,,,,,,,,,,,,,,,,,,,,
80,Palmerston-Little Italy,995,1017,2012,6216,6573,12789,18.1,18.4,18.3,0.81,L,17.2,19.0,17.6,19.3,17.7,18.9,16.0,15.5,15.7,0.68,L,15.1,16.9,14.6,16.3,15.1,16.4,79,51,130,3523,3817,7340,2.2,1.3,1.8,0.62,L,1.8,2.7,1.0,1.7,1.5,2.1,315,226,541,1675,1555,3230,18.8,14.5,16.7,0.65,L,16.9,20.7,12.8,16.3,15.5,18.0,601,740,1341,1018,1201,2219,59.0,61.6,60.4,0.94,L,56.0,62.1,58.9,64.4,58.4,62.5,,,,,,,,,,,,,,,,,,,,,,,,,,,,,,,,,,,
81,Trinity-Bellwoods,1226,1293,2519,6992,7287,14279,19.7,20.3,20.0,0.89,L,18.8,20.5,19.5,21.1,19.5,20.6,17.5,17.7,17.6,0.77,L,16.6,18.4,16.9,18.6,17.0,18.3,80,52,132,3758,3996,7754,2.1,1.3,1.7,0.59,L,1.7,2.6,0.9,1.7,1.4,2.0,455,312,767,2132,1927,4059,21.3,16.2,18.9,0.73,L,19.6,23.1,14.5,17.8,17.7,20.1,691,929,1620,1102,1364,2466,62.7,68.1,65.7,1.02,NS,59.8,65.6,65.6,70.6,63.8,67.6,,,,,,,,,,,,,,,,,,,,,,,,,,,,,,,,,,,
83,Dufferin Grove,1044,1034,2078,5596,5945,11541,20.7,20.2,20.5,0.91,L,19.7,21.7,19.3,21.1,19.8,21.1,18.7,17.4,18.0,0.78,L,17.6,19.7,16.4,18.4,17.3,18.7,70,42,112,3052,3309,6361,2.3,1.3,1.8,0.62,L,1.8,2.8,0.9,1.7,1.4,2.1,378,259,637,1608,1529,3137,23.5,16.9,20.3,0.79,L,21.4,25.6,15.1,18.8,18.9,21.7,596,733,1329,936,1107,2043,63.7,66.2,65.1,1.02,NS,60.6,66.8,63.4,69.0,63.0,67.1,,,,,,,,,,,,,,,,,,,,,,,,,,,,,,,,,,,
84,Little Portugal,1096,1200,2296,7645,8213,15858,19.3,21.6,20.5,0.91,L,18.4,20.1,20.8,22.5,19.9,21.1,14.3,14.6,14.5,0.63,L,13.6,15.1,13.8,15.4,13.9,15.0,114,75,189,4764,5292,10056,2.4,1.4,1.9,0.66,L,2.0,2.8,1.1,1.7,1.6,2.1,372,315,687,1932,1795,3727,19.3,17.5,18.4,0.71,L,17.5,21.0,15.8,19.3,17.2,19.7,610,810,1420,949,1126,2075,64.3,71.9,68.4,1.07,H,61.2,67.3,69.3,74.6,66.4,70.4,,,,,,,,,,,,,,,,,,,,,,,,,,,,,,,,,,,
85,South Parkdale,1892,1860,3752,10519,10393,20912,20.9,22.5,21.7,0.96,L,20.2,21.7,21.7,23.2,21.2,22.2,18.0,17.9,17.9,0.78,L,17.3,18.7,17.2,18.6,17.4,18.5,196,104,300,5750,5889,11639,3.4,1.8,2.6,0.90,NS,2.9,3.9,1.4,2.1,2.3,2.9,828,660,1488,3266,2812,6078,25.4,23.5,24.5,0.95,L,23.9,26.8,21.9,25.0,23.4,25.6,868,1096,1964,1503,1692,3195,57.8,64.8,61.5,0.96,L,55.3,60.2,62.5,67.1,59.8,63.2,,,,,,,,,,,,,,,,,,,,,,,,,,,,,,,,,,,
86,Roncesvalles,1152,973,2125,6548,6791,13339,18.1,17.1,17.6,0.78,L,17.3,19.0,16.3,17.9,17.1,18.2,17.6,14.3,15.9,0.69,L,16.7,18.5,13.5,15.2,15.3,16.6,96,50,146,3126,3544,6670,3.1,1.4,2.2,0.76,L,2.5,3.7,1.0,1.8,1.8,2.5,448,287,735,2337,2132,4469,19.2,13.5,16.4,0.64,L,17.6,20.8,12.0,14.9,15.4,17.5,608,636,1244,1085,1115,2200,56.0,57.0,56.5,0.88,L,53.1,59.0,54.1,59.9,54.5,58.6,,,,,,,,,,,,,,,,,,,,,,,,,,,,,,,,,,,
87,High Park-Swansea,1952,2037,3989,9535,11292,20827,19.2,17.1,18.0,0.80,L,18.5,19.9,16.5,17.7,17.6,18.5,20.5,18.0,19.2,0.83,L,19.7,21.3,17.3,18.7,18.6,19.7,130,70,200,4317,5101,9418,3.0,1.4,2.1,0.72,L,2.5,3.5,1.1,1.7,1.8,2.4,687,519,1206,3273,3556,6829,21.0,14.6,17.7,0.69,L,19.6,22.4,13.4,15.8,16.8,18.6,1135,1448,2583,1945,2635,4580,58.4,55.0,56.4,0.88,L,56.2,60.5,53.1,56.9,55.0,57.8,,,,,,,,,,,,,,,,,,,,,,,,,,,,,,,,,,,
88,High Park North,1766,1833,3599,9772,11168,20940,18.7,17.0,17.8,0.79,L,18.0,19.3,16.4,17.6,17.3,18.2,18.1,16.4,17.2,0.75,L,17.3,18.8,15.7,17.1,16.7,17.7,137,92,229,4934,5621,10555,2.8,1.6,2.2,0.76,L,2.3,3.2,1.3,2.0,1.9,2.4,622,492,1114,3096,3154,6250,20.1,15.6,17.8,0.69,L,18.7,21.5,14.3,16.9,16.9,18.8,1007,1249,2256,1742,2393,4135,57.8,52.2,54.6,0.85,L,55.5,60.1,50.2,54.2,53.0,56.1,,,,,,,,,,,,,,,,,,,,,,,,,,,,,,,,,,,
89,Runnymede-Bloor West Village,761,718,1479,4026,4341,8367,17.8,16.6,17.2,0.76,L,16.8,18.9,15.7,17.6,16.5,17.9,18.9,16.5,17.7,0.77,L,17.7,20.1,15.4,17.6,16.9,18.5,56,39,95,1673,1849,3522,3.3,2.1,2.7,0.93,NS,2.5,4.2,1.5,2.8,2.2,3.2,317,216,533,1613,1625,3238,19.7,13.3,16.5,0.64,L,17.7,21.6,11.6,14.9,15.2,17.7,388,463,851,740,867,1607,52.4,53.4,53.0,0.83,L,48.8,56.0,50.1,56.7,50.5,55.4,,,,,,,,,,,,,,,,,,,,,,,,,,,,,,,,,,,
90,Junction Area,1177,1135,2312,6487,6750,13237,19.6,19.4,19.5,0.87,L,18.7,20.5,18.6,20.3,18.9,20.1,18.1,16.8,17.5,0.76,L,17.2,19.1,15.9,17.7,16.8,18.1,87,59,146,3227,3396,6623,2.7,1.7,2.2,0.76,L,2.1,3.3,1.3,2.2,1.9,2.6,522,420,942,2259,2221,4480,23.1,18.9,21.0,0.81,L,21.4,24.8,17.3,20.5,19.8,22.2,568,656,1224,1001,1133,2134,56.7,57.9,57.4,0.90,L,53.7,59.8,55.0,60.8,55.3,59.5,,,,,,,,,,,,,,,,,,,,,,,,,,,,,,,,,,,
91,Weston-Pelham Park,1085,1107,2192,4974,4865,9839,22.5,25.1,23.8,1.06,H,21.5,23.5,24.1,26.1,23.0,24.5,21.8,22.8,22.3,0.97,NS,20.7,23.0,21.6,23.9,21.5,23.1,89,65,154,2413,2398,4811,3.7,2.7,3.2,1.10,NS,2.9,4.4,2.1,3.4,2.7,3.7,447,398,845,1711,1577,3288,26.1,25.2,25.7,1.00,NS,24.0,28.2,23.1,27.4,24.2,27.2,549,644,1193,850,890,1740,64.6,72.4,68.6,1.07,H,61.4,67.8,69.4,75.3,66.4,70.7,,,,,,,,,,,,,,,,,,,,,,,,,,,,,,,,,,,
92,Corso Italia-Davenport,1243,1329,2572,5841,5969,11810,22.3,22.8,22.6,1.00,NS,21.3,23.2,21.9,23.7,21.9,23.2,21.3,22.3,21.8,0.95,L,20.2,22.3,21.2,23.3,21.0,22.5,98,70,168,2936,2896,5832,3.3,2.4,2.9,1.00,NS,2.7,4.0,1.9,3.0,2.5,3.3,471,388,859,1901,1801,3702,24.8,21.5,23.2,0.90,L,22.8,26.7,19.6,23.4,21.8,24.6,674,871,1545,1004,1272,2276,67.1,68.5,67.9,1.06,H,64.2,70.0,65.9,71.0,66.0,69.8,,,,,,,,,,,,,,,,,,,,,,,,,,,,,,,,,,,
94,Wychwood,1415,1783,3198,6177,7264,13441,20.8,20.1,20.4,0.91,L,19.9,21.7,19.4,20.9,19.8,21.0,22.9,24.5,23.8,1.03,H,21.9,24.0,23.6,25.5,23.1,24.5,84,47,131,2899,3103,6002,2.9,1.5,2.2,0.76,L,2.3,3.5,1.1,1.9,1.8,2.6,427,343,770,1861,2039,3900,22.9,16.8,19.7,0.76,L,21.0,24.9,15.2,18.4,18.5,21.0,904,1393,2297,1417,2122,3539,63.8,65.6,64.9,1.01,NS,61.3,66.3,63.6,67.7,63.3,66.5,,,,,,,,,,,,,,,,,,,,,,,,,,,,,,,,,,,
95,Annex,2438,2408,4846,13190,14930,28120,17.5,15.4,16.4,0.73,L,16.9,18.1,14.9,15.9,16.0,16.8,18.5,16.1,17.2,0.75,L,17.8,19.1,15.5,16.7,16.8,17.7,143,84,227,6695,7531,14226,2.1,1.1,1.6,0.55,L,1.8,2.5,0.9,1.4,1.4,1.8,671,478,1149,3579,3752,7331,18.7,12.7,15.7,0.61,L,17.5,20.0,11.7,13.8,14.8,16.5,1624,1846,3470,2916,3647,6563,55.7,50.6,52.9,0.83,L,53.9,57.5,49.0,52.2,51.7,54.1,,,,,,,,,,,,,,,,,,,,,,,,,,,,,,,,,,,
96,Casa Loma,1229,1164,2393,5044,6030,11074,19.1,15.2,17.0,0.76,L,18.1,20.0,14.4,16.0,16.4,17.6,24.4,19.3,21.6,0.94,L,23.2,25.6,18.3,20.3,20.8,22.4,52,39,91,2139,2525,4664,2.4,1.5,2.0,0.69,L,1.8,3.1,1.1,2.0,1.6,2.3,296,207,503,1435,1601,3036,20.6,12.9,16.6,0.64,L,18.5,22.7,11.3,14.6,15.2,17.9,881,918,1799,1470,1904,3374,59.9,48.2,53.3,0.83,L,57.4,62.4,46.0,50.5,51.6,55.0,,,,,,,,,,,,,,,,,,,,,,,,,,,,,,,,,,,
97,Yonge-St.Clair,1111,1237,2348,5150,6364,11514,17.9,16.1,16.8,0.75,L,17.0,18.8,15.3,16.9,16.2,17.4,21.6,19.4,20.4,0.89,L,20.4,22.7,18.5,20.4,19.7,21.1,52,46,98,2301,2683,4984,2.3,1.7,2.0,0.69,L,1.7,2.9,1.2,2.2,1.6,2.4,282,267,549,1504,1762,3266,18.8,15.2,16.8,0.65,L,16.8,20.7,13.5,16.8,15.5,18.1,777,924,1701,1345,1919,3264,57.8,48.2,52.1,0.81,L,55.1,60.4,45.9,50.4,50.4,53.8,,,,,,,,,,,,,,,,,,,,,,,,,,,,,,,,,,,
98,Rosedale-Moore Park,2109,2119,4228,9353,11229,20582,17.1,14.3,15.6,0.69,L,16.4,17.7,13.8,14.9,15.2,16.0,22.5,18.9,20.5,0.89,L,21.7,23.4,18.1,19.6,20.0,21.1,80,53,133,3547,4178,7725,2.3,1.3,1.7,0.59,L,1.8,2.7,0.9,1.6,1.4,2.0,577,434,1011,3012,3437,6449,19.2,12.6,15.7,0.61,L,17.8,20.6,11.5,13.7,14.8,16.6,1452,1632,3084,2794,3614,6408,52.0,45.2,48.1,0.75,L,50.1,53.8,43.5,46.8,46.9,49.4,,,,,,,,,,,,,,,,,,,,,,,,,,,,,,,,,,,
99,Mount Pleasant East,1365,1328,2693,6749,7910,14659,19.1,15.8,17.3,0.77,L,18.2,19.9,15.1,16.5,16.7,17.8,20.2,16.8,18.4,0.80,L,19.3,21.2,16.0,17.6,17.7,19.0,93,56,149,2969,3375,6344,3.1,1.7,2.3,0.79,L,2.5,3.8,1.2,2.1,2.0,2.7,520,368,888,2456,2725,5181,21.2,13.5,17.1,0.66,L,19.6,22.8,12.2,14.8,16.1,18.2,752,904,1656,1324,1810,3134,56.8,49.9,52.8,0.82,L,54.1,59.5,47.6,52.2,51.1,54.6,,,,,,,,,,,,,,,,,,,,,,,,,,,,,,,,,,,
100,Yonge-Eglinton,855,876,1731,5039,5855,10894,17.7,15.6,16.5,0.73,L,16.7,18.7,14.8,16.5,15.9,17.2,17.0,15.0,15.9,0.69,L,15.9,18.0,14.0,15.9,15.2,16.6,70,50,120,2607,2881,5488,2.7,1.7,2.2,0.76,L,2.1,3.3,1.3,2.2,1.8,2.6,295,233,528,1524,1781,3305,19.4,13.1,16.0,0.62,L,17.4,21.3,11.5,14.6,14.7,17.2,490,593,1083,908,1193,2101,54.0,49.7,51.5,0.80,L,50.7,57.2,46.9,52.5,49.4,53.7,,,,,,,,,,,,,,,,,,,,,,,,,,,,,,,,,,,
101,Forest Hill South,1024,1021,2045,4416,5371,9787,18.7,15.0,16.6,0.74,L,17.7,19.7,14.2,15.8,16.0,17.2,23.2,19.0,20.9,0.91,L,21.9,24.4,18.0,20.1,20.1,21.7,47,27,74,1819,2124,3943,2.6,1.3,1.9,0.66,L,1.9,3.3,0.8,1.7,1.5,2.3,293,200,493,1344,1613,2957,21.8,12.4,16.7,0.65,L,19.6,24.0,10.8,14.0,15.3,18.0,684,794,1478,1253,1634,2887,54.6,48.6,51.2,0.80,L,51.8,57.3,46.2,51.0,49.4,53.0,,,,,,,,,,,,,,,,,,,,,,,,,,,,,,,,,,,
102,Forest Hill North,1139,1386,2525,4862,6142,11004,20.9,20.1,20.4,0.91,L,19.9,21.9,19.2,20.9,19.7,21.0,23.4,22.6,22.9,1.00,NS,22.2,24.6,21.5,23.6,22.2,23.7,68,67,135,2112,2450,4562,3.2,2.7,3.0,1.03,NS,2.5,4.0,2.1,3.4,2.5,3.5,400,437,837,1640,2106,3746,24.4,20.8,22.3,0.86,L,22.3,26.5,19.0,22.5,21.0,23.7,671,882,1553,1110,1586,2696,60.5,55.6,57.6,0.90,L,57.6,63.3,53.2,58.1,55.7,59.5,,,,,,,,,,,,,,,,,,,,,,,,,,,,,,,,,,,
103,Lawrence Park South,1145,1034,2179,5990,6812,12802,16.6,13.8,15.1,0.67,L,15.8,17.4,13.1,14.5,14.6,15.6,19.1,15.2,17.0,0.74,L,18.1,20.1,14.3,16.0,16.4,17.7,68,33,101,2430,2697,5127,2.8,1.2,2.0,0.69,L,2.1,3.5,0.8,1.6,1.6,2.4,379,283,662,2239,2528,4767,16.9,11.2,13.9,0.54,L,15.4,18.5,10.0,12.4,12.9,14.9,698,718,1416,1321,1587,2908,52.8,45.2,48.7,0.76,L,50.1,55.5,42.8,47.7,46.9,50.5,,,,,,,,,,,,,,,,,,,,,,,,,,,,,,,,,,,
105,Lawrence Park North,1160,1043,2203,5696,6401,12097,18.4,15.2,16.7,0.74,L,17.6,19.3,14.4,15.9,16.1,17.2,20.4,16.3,18.2,0.79,L,19.3,21.4,15.4,17.2,17.5,18.9,60,34,94,2255,2464,4719,2.7,1.4,2.0,0.69,L,2.0,3.3,0.9,1.8,1.6,2.4,508,313,821,2317,2530,4847,21.9,12.4,16.9,0.66,L,20.2,23.6,11.1,13.7,15.9,18.0,592,696,1288,1124,1407,2531,52.7,49.5,50.9,0.79,L,49.8,55.6,46.9,52.1,48.9,52.8,,,,,,,,,,,,,,,,,,,,,,,,,,,,,,,,,,,
106,Humewood-Cedarvale,1084,1199,2283,5290,6181,11471,20.1,19.5,19.7,0.88,L,19.1,21.0,18.6,20.4,19.1,20.4,20.5,19.4,19.9,0.87,L,19.4,21.6,18.4,20.4,19.2,20.6,73,59,132,2518,2938,5456,2.9,2.0,2.4,0.83,L,2.2,3.6,1.5,2.5,2.0,2.8,402,352,754,1748,1891,3639,23.0,18.6,20.7,0.80,L,21.0,25.0,16.9,20.4,19.4,22.0,609,788,1397,1024,1352,2376,59.5,58.3,58.8,0.92,L,56.5,62.5,55.7,60.9,56.8,60.8,,,,,,,,,,,,,,,,,,,,,,,,,,,,,,,,,,,
107,Oakwood Village,2059,2431,4490,8607,9405,18012,22.7,24.3,23.5,1.04,H,21.9,23.4,23.5,25.0,22.9,24.0,23.9,25.8,24.9,1.08,H,23.0,24.8,25.0,26.7,24.3,25.6,132,104,236,3966,4155,8121,3.3,2.5,2.9,1.00,NS,2.8,3.9,2.0,3.0,2.5,3.3,752,732,1484,2869,2957,5826,26.2,24.8,25.5,0.99,NS,24.6,27.8,23.2,26.3,24.4,26.6,1175,1595,2770,1772,2293,4065,66.3,69.6,68.1,1.06,H,64.1,68.5,67.7,71.4,66.7,69.6,,,,,,,,,,,,,,,,,,,,,,,,,,,,,,,,,,,
108,Briar Hill-Belgravia,1541,1850,3391,6026,6773,12799,25.4,26.1,25.7,1.14,H,24.5,26.4,25.3,27.0,25.1,26.4,25.6,27.3,26.5,1.15,H,24.5,26.7,26.3,28.4,25.7,27.3,116,89,205,2846,2880,5726,4.1,3.1,3.6,1.24,H,3.3,4.8,2.5,3.7,3.1,4.1,656,668,1324,2040,2353,4393,32.2,28.4,30.1,1.17,H,30.1,34.2,26.6,30.2,28.8,31.5,769,1093,1862,1140,1540,2680,67.5,71.0,69.5,1.08,H,64.7,70.2,68.7,73.2,67.7,71.2,,,,,,,,,,,,,,,,,,,,,,,,,,,,,,,,,,,
109,Caledonia-Fairbank,1081,1129,2210,4286,4349,8635,25.2,25.9,25.5,1.13,H,24.1,26.3,24.8,26.9,24.8,26.3,25.2,26.0,25.6,1.11,H,23.9,26.5,24.7,27.3,24.7,26.5,68,56,124,2020,1923,3943,3.4,2.9,3.1,1.07,NS,2.6,4.2,2.2,3.7,2.6,3.7,454,407,861,1482,1512,2994,30.6,26.9,28.8,1.12,H,28.3,33.0,24.7,29.2,27.1,30.4,559,666,1225,784,914,1698,71.3,72.9,72.1,1.12,H,68.1,74.5,70.0,75.7,70.0,74.3,,,,,,,,,,,,,,,,,,,,,,,,,,,,,,,,,,,
110,Keelesdale-Eglinton West,1112,1320,2432,4477,4613,9090,24.2,26.9,25.6,1.14,H,23.1,25.2,25.9,27.9,24.8,26.3,24.8,28.6,26.8,1.17,H,23.6,26.1,27.3,29.9,25.8,27.7,64,50,114,2051,1987,4038,3.1,2.5,2.8,0.97,NS,2.4,3.9,1.8,3.2,2.3,3.3,459,453,912,1573,1508,3081,29.2,30.0,29.6,1.15,H,26.9,31.4,27.7,32.4,28.0,31.2,589,817,1406,853,1118,1971,69.1,73.1,71.3,1.11,H,65.9,72.2,70.5,75.7,69.3,73.3,,,,,,,,,,,,,,,,,,,,,,,,,,,,,,,,,,,
111,Rockcliffe-Smythe,2485,2825,5310,9336,9928,19264,24.5,26.3,25.4,1.13,H,23.8,25.3,25.6,27.0,24.9,25.9,26.6,28.5,27.6,1.20,H,25.7,27.5,27.6,29.3,26.9,28.2,140,162,302,4115,4197,8312,3.4,3.9,3.6,1.24,H,2.8,4.0,3.3,4.4,3.2,4.0,978,950,1928,3187,3214,6401,30.7,29.6,30.1,1.17,H,29.1,32.3,28.0,31.1,29.0,31.2,1367,1713,3080,2034,2517,4551,67.2,68.1,67.7,1.06,H,65.2,69.2,66.2,69.9,66.3,69.0,,,,,,,,,,,,,,,,,,,,,,,,,,,,,,,,,,,
112,Beechborough-Greenbrook,677,881,1558,2536,2896,5432,24.9,28.8,26.9,1.20,H,23.5,26.4,27.5,30.2,25.9,27.9,26.7,30.4,28.7,1.25,H,25.0,28.4,28.7,32.1,27.5,29.9,52,55,107,1135,1230,2365,4.6,4.5,4.5,1.55,H,3.4,5.8,3.3,5.6,3.7,5.4,262,311,573,855,987,1842,30.6,31.5,31.1,1.21,H,27.6,33.7,28.6,34.4,29.0,33.2,363,515,878,546,679,1225,66.5,75.8,71.7,1.12,H,62.5,70.4,72.6,79.1,69.2,74.2,,,,,,,,,,,,,,,,,,,,,,,,,,,,,,,,,,,
113,Weston,2209,2572,4781,8732,9348,18080,25.4,27.8,26.6,1.18,H,24.6,26.2,27.0,28.6,26.1,27.2,25.3,27.5,26.4,1.15,H,24.4,26.2,26.6,28.4,25.8,27.1,155,195,350,4112,4242,8354,3.8,4.6,4.2,1.45,H,3.2,4.4,4.0,5.2,3.8,4.6,959,986,1945,3039,3135,6174,31.6,31.5,31.5,1.22,H,29.9,33.2,29.8,33.1,30.3,32.7,1095,1391,2486,1581,1971,3552,69.3,70.6,70.0,1.09,H,67.0,71.5,68.6,72.6,68.5,71.5,,,,,,,,,,,,,,,,,,,,,,,,,,,,,,,,,,,
114,Lambton Baby Point,635,670,1305,3049,3435,6484,19.1,18.6,18.8,0.84,L,17.9,20.3,17.4,19.7,18.0,19.6,20.8,19.5,20.1,0.87,L,19.4,22.3,18.2,20.8,19.2,21.1,33,33,66,1271,1395,2666,2.6,2.4,2.5,0.86,NS,1.7,3.5,1.6,3.2,1.9,3.1,256,241,497,1172,1289,2461,21.8,18.7,20.2,0.78,L,19.5,24.2,16.6,20.8,18.6,21.8,346,396,742,606,751,1357,57.1,52.7,54.7,0.85,L,53.2,61.0,49.2,56.3,52.0,57.3,,,,,,,,,,,,,,,,,,,,,,,,,,,,,,,,,,,
115,Mount Dennis,1393,1613,3006,5278,5776,11054,25.7,28.2,27.0,1.20,H,24.7,26.7,27.3,29.2,26.3,27.7,26.4,27.9,27.2,1.18,H,25.2,27.6,26.8,29.1,26.4,28.0,97,90,187,2428,2583,5011,4.0,3.5,3.7,1.28,H,3.2,4.8,2.8,4.2,3.2,4.3,594,660,1254,1824,1995,3819,32.6,33.1,32.8,1.27,H,30.4,34.7,31.0,35.1,31.3,34.3,702,863,1565,1026,1198,2224,68.4,72.0,70.4,1.10,H,65.6,71.3,69.5,74.6,68.5,72.3,,,,,,,,,,,,,,,,,,,,,,,,,,,,,,,,,,,
116,Steeles,3106,3489,6595,10158,11161,21319,23.1,23.2,23.1,1.03,H,22.4,23.7,22.6,23.9,22.6,23.6,30.6,31.3,30.9,1.34,H,29.7,31.5,30.4,32.1,30.3,31.6,121,91,212,3834,3714,7548,3.2,2.5,2.8,0.97,NS,2.6,3.7,2.0,2.9,2.4,3.2,851,859,1710,3176,3652,6828,26.8,23.5,25.0,0.97,NS,25.3,28.3,22.1,24.9,24.0,26.1,2134,2539,4673,3148,3795,6943,67.8,66.9,67.3,1.05,H,66.2,69.4,65.4,68.4,66.2,68.4,,,,,,,,,,,,,,,,,,,,,,,,,,,,,,,,,,,
118,Tam O'Shanter-Sullivan,3303,4216,7519,11283,13178,24461,25.2,25.8,25.5,1.13,H,24.5,25.9,25.1,26.4,25.0,25.9,29.3,32.0,30.7,1.33,H,28.4,30.1,31.2,32.8,30.2,31.3,196,149,345,4814,4880,9694,4.1,3.1,3.6,1.24,H,3.5,4.6,2.6,3.5,3.2,3.9,1102,1173,2275,3543,4093,7636,31.1,28.7,29.8,1.16,H,29.6,32.6,27.3,30.0,28.8,30.8,2005,2894,4899,2926,4205,7131,68.5,68.8,68.7,1.07,H,66.8,70.2,67.4,70.2,67.6,69.8,,,,,,,,,,,,,,,,,,,,,,,,,,,,,,,,,,,
119,Wexford/Maryvale,3333,3703,7036,12554,12924,25478,25.8,26.9,26.4,1.17,H,25.2,26.5,26.3,27.6,25.9,26.8,26.5,28.7,27.6,1.20,H,25.8,27.3,27.9,29.4,27.1,28.2,237,183,420,5861,5492,11353,4.0,3.3,3.7,1.28,H,3.5,4.5,2.9,3.8,3.4,4.0,1367,1316,2683,4158,4316,8474,32.9,30.5,31.7,1.23,H,31.4,34.3,29.1,31.9,30.7,32.7,1729,2204,3933,2535,3116,5651,68.2,70.7,69.6,1.09,H,66.4,70.0,69.1,72.3,68.4,70.8,,,,,,,,,,,,,,,,,,,,,,,,,,,,,,,,,,,
120,Clairlea-Birchmount,3652,4169,7821,13737,14695,28432,26.6,28.2,27.4,1.22,H,26.0,27.3,27.6,28.8,27.0,27.9,26.6,28.4,27.5,1.20,H,25.8,27.3,27.6,29.1,27.0,28.0,294,281,575,6415,6494,12909,4.6,4.3,4.5,1.55,H,4.1,5.1,3.8,4.8,4.1,4.8,1664,1626,3290,4831,5038,9869,34.4,32.3,33.3,1.29,H,33.1,35.8,31.0,33.6,32.4,34.3,1694,2262,3956,2491,3163,5654,68.0,71.5,70.0,1.09,H,66.2,69.8,69.9,73.1,68.8,71.2,,,,,,,,,,,,,,,,,,,,,,,,,,,,,,,,,,,
121,Oakridge,1436,1543,2979,5769,5892,11661,26.1,29.1,27.6,1.23,H,25.1,27.1,28.1,30.1,26.9,28.3,24.9,26.2,25.5,1.11,H,23.8,26.0,25.1,27.3,24.8,26.3,137,127,264,2795,2903,5698,4.9,4.4,4.6,1.59,H,4.1,5.7,3.6,5.1,4.1,5.2,677,668,1345,2045,1964,4009,33.1,34.0,33.5,1.30,H,31.1,35.1,31.9,36.1,32.1,35.0,622,748,1370,929,1025,1954,67.0,73.0,70.1,1.09,H,63.9,70.0,70.3,75.7,68.1,72.1,,,,,,,,,,,,,,,,,,,,,,,,,,,,,,,,,,,
122,Birchcliffe-Cliffside,2589,2645,5234,9823,10301,20124,23.3,22.6,22.9,1.02,NS,22.5,24.0,21.9,23.2,22.4,23.4,26.4,25.7,26.0,1.13,H,25.5,27.2,24.8,26.5,25.4,26.6,146,136,282,4003,3922,7925,3.6,3.5,3.6,1.24,H,3.1,4.2,2.9,4.0,3.2,4.0,1042,865,1907,3577,3726,7303,29.1,23.2,26.1,1.01,NS,27.6,30.6,21.9,24.6,25.1,27.1,1401,1644,3045,2243,2653,4896,62.5,62.0,62.2,0.97,L,60.5,64.5,60.1,63.8,60.8,63.6,,,,,,,,,,,,,,,,,,,,,,,,,,,,,,,,,,,
123,Cliffcrest,1895,2005,3900,6942,7089,14031,24.8,26.0,25.4,1.13,H,23.9,25.6,25.2,26.8,24.8,26.0,27.3,28.3,27.8,1.21,H,26.2,28.3,27.2,29.3,27.1,28.5,104,98,202,2976,2847,5823,3.5,3.4,3.5,1.21,H,2.8,4.2,2.8,4.1,3.0,3.9,771,754,1525,2396,2518,4914,32.2,29.9,31.0,1.20,H,30.3,34.0,28.2,31.7,29.7,32.3,1020,1153,2173,1570,1724,3294,65.0,66.9,66.0,1.03,H,62.6,67.3,64.7,69.1,64.4,67.6,,,,,,,,,,,,,,,,,,,,,,,,,,,,,,,,,,,
124,Kennedy Park,2248,2450,4698,7569,7770,15339,28.8,29.8,29.3,1.30,H,28.0,29.7,29.0,30.6,28.7,29.9,29.7,31.5,30.6,1.33,H,28.7,30.7,30.5,32.6,29.9,31.4,165,124,289,3466,3277,6743,4.8,3.8,4.3,1.48,H,4.1,5.5,3.1,4.4,3.8,4.8,976,951,1927,2593,2620,5213,37.6,36.3,37.0,1.43,H,35.8,39.5,34.5,38.1,35.7,38.3,1107,1375,2482,1510,1873,3383,73.3,73.4,73.4,1.15,H,71.1,75.5,71.4,75.4,71.9,74.9,,,,,,,,,,,,,,,,,,,,,,,,,,,,,,,,,,,
125,Ionview,1107,1192,2299,4186,4233,8419,27.8,29.6,28.7,1.28,H,26.6,29.0,28.4,30.8,27.9,29.6,26.4,28.2,27.3,1.19,H,25.1,27.8,26.8,29.5,26.4,28.3,96,84,180,2118,2070,4188,4.5,4.1,4.3,1.48,H,3.6,5.4,3.2,4.9,3.7,4.9,472,452,924,1319,1261,2580,35.8,35.8,35.8,1.39,H,33.2,38.4,33.2,38.5,34.0,37.7,539,656,1195,749,902,1651,72.0,72.7,72.4,1.13,H,68.7,75.2,69.8,75.6,70.2,74.5,,,,,,,,,,,,,,,,,,,,,,,,,,,,,,,,,,,
126,Dorset Park,2980,3469,6449,10596,11783,22379,27.2,28.1,27.7,1.23,H,26.5,28.0,27.4,28.8,27.2,28.1,28.1,29.4,28.8,1.25,H,27.3,29.0,28.6,30.3,28.2,29.4,205,184,389,4889,5049,9938,4.2,3.6,3.9,1.34,H,3.6,4.8,3.1,4.2,3.5,4.3,1246,1292,2538,3580,3968,7548,34.8,32.6,33.6,1.30,H,33.2,36.4,31.1,34.0,32.6,34.7,1529,1993,3522,2127,2766,4893,71.9,72.1,72.0,1.12,H,70.0,73.8,70.4,73.7,70.7,73.2,,,,,,,,,,,,,,,,,,,,,,,,,,,,,,,,,,,
128,Agincourt South-Malvern West,2720,3034,5754,10496,11218,21714,23.8,24.7,24.2,1.08,H,23.0,24.5,24.0,25.4,23.7,24.7,25.9,27.0,26.5,1.15,H,25.1,26.8,26.2,27.9,25.9,27.1,182,137,319,4829,4793,9622,3.8,2.9,3.3,1.14,H,3.2,4.3,2.4,3.3,3.0,3.7,933,941,1874,3195,3531,6726,29.2,26.6,27.9,1.08,H,27.6,30.8,25.2,28.1,26.8,28.9,1605,1956,3561,2472,2894,5366,64.9,67.6,66.4,1.04,H,63.0,66.8,65.9,69.3,65.1,67.6,,,,,,,,,,,,,,,,,,,,,,,,,,,,,,,,,,,
129,Agincourt North,3521,4095,7616,11842,13238,25080,24.1,24.7,24.3,1.08,H,23.4,24.7,24.1,25.3,23.9,24.8,29.7,30.9,30.4,1.32,H,28.9,30.6,30.1,31.7,29.8,30.9,170,115,285,4718,4783,9501,3.6,2.4,3.0,1.03,NS,3.1,4.1,2.0,2.8,2.7,3.3,1106,1157,2263,3727,4318,8045,29.7,26.8,28.1,1.09,H,28.2,31.1,25.5,28.1,27.1,29.1,2245,2823,5068,3397,4137,7534,66.1,68.2,67.3,1.05,H,64.5,67.7,66.8,69.7,66.2,68.3,,,,,,,,,,,,,,,,,,,,,,,,,,,,,,,,,,,
130,Milliken,3148,3612,6760,10454,11372,21826,23.9,24.8,24.3,1.08,H,23.2,24.6,24.2,25.5,23.9,24.8,30.1,31.8,31.0,1.35,H,29.2,31.0,30.9,32.6,30.4,31.6,150,121,271,4104,3983,8087,3.7,3.0,3.4,1.17,H,3.1,4.2,2.5,3.6,3.0,3.7,947,979,1926,3303,3710,7013,28.7,26.4,27.5,1.07,H,27.1,30.2,25.0,27.8,26.4,28.5,2051,2512,4563,3047,3679,6726,67.3,68.3,67.8,1.06,H,65.6,69.0,66.8,69.8,66.7,69.0,,,,,,,,,,,,,,,,,,,,,,,,,,,,,,,,,,,
133,Centennial Scarborough,1767,1695,3462,5818,6185,12003,25.3,23.2,24.2,1.08,H,24.4,26.3,22.4,24.1,23.6,24.9,30.4,27.4,28.8,1.25,H,29.2,31.6,26.3,28.5,28.0,29.7,86,67,153,2299,2288,4587,3.7,2.9,3.3,1.14,NS,3.0,4.5,2.2,3.6,2.8,3.9,629,537,1166,2009,2199,4208,31.3,24.4,27.7,1.07,H,29.3,33.3,22.6,26.2,26.4,29.1,1052,1091,2143,1510,1698,3208,69.7,64.3,66.8,1.04,H,67.4,72.0,62.0,66.5,65.2,68.4,,,,,,,,,,,,,,,,,,,,,,,,,,,,,,,,,,,
134,Highland Creek,1818,1841,3659,5903,5994,11897,27.4,27.7,27.6,1.23,H,26.4,28.4,26.8,28.7,26.9,28.3,30.8,30.7,30.8,1.34,H,29.6,32.0,29.5,31.9,29.9,31.6,108,78,186,2679,2521,5200,4.0,3.1,3.6,1.24,H,3.3,4.8,2.4,3.8,3.1,4.1,590,609,1199,1719,1816,3535,34.3,33.5,33.9,1.31,H,32.1,36.6,31.4,35.7,32.4,35.5,1120,1154,2274,1505,1657,3162,74.4,69.6,71.9,1.12,H,72.2,76.6,67.4,71.9,70.4,73.5,,,,,,,,,,,,,,,,,,,,,,,,,,,,,,,,,,,
135,Morningside,2101,2342,4443,7151,7693,14844,29.0,29.8,29.4,1.31,H,28.1,29.9,29.0,30.7,28.7,30.0,29.4,30.4,29.9,1.30,H,28.3,30.4,29.4,31.5,29.2,30.7,155,120,275,3434,3456,6890,4.5,3.5,4.0,1.38,H,3.8,5.2,2.9,4.1,3.5,4.5,860,881,1741,2212,2431,4643,38.9,36.2,37.5,1.45,H,36.8,40.9,34.3,38.2,36.1,38.9,1086,1341,2427,1505,1806,3311,72.2,74.3,73.3,1.14,H,69.9,74.4,72.2,76.3,71.8,74.8,,,,,,,,,,,,,,,,,,,,,,,,,,,,,,,,,,,
136,West Hill,3118,3626,6744,11162,11782,22944,27.4,29.8,28.6,1.27,H,26.7,28.1,29.1,30.4,28.1,29.1,27.9,30.8,29.4,1.28,H,27.1,28.8,29.9,31.6,28.8,30.0,209,213,422,5175,5053,10228,4.0,4.2,4.1,1.41,H,3.5,4.6,3.7,4.8,3.7,4.5,1372,1482,2854,3784,4025,7809,36.3,36.8,36.5,1.41,H,34.7,37.8,35.3,38.3,35.5,37.6,1537,1931,3468,2203,2704,4907,69.8,71.4,70.7,1.10,H,67.9,71.7,69.7,73.1,69.4,71.9,,,,,,,,,,,,,,,,,,,,,,,,,,,,,,,,,,,
138,Eglinton East,2401,3056,5457,8504,9845,18349,28.1,29.9,29.0,1.29,H,27.3,28.9,29.2,30.7,28.5,29.6,28.2,31.0,29.7,1.29,H,27.3,29.2,30.1,32.0,29.1,30.4,179,172,351,4089,4364,8453,4.4,3.9,4.2,1.45,H,3.8,5.0,3.4,4.5,3.7,4.6,1004,1103,2107,2717,3122,5839,37.0,35.3,36.1,1.40,H,35.1,38.8,33.7,37.0,34.9,37.3,1218,1781,2999,1698,2359,4057,71.7,75.5,73.9,1.15,H,69.6,73.9,73.8,77.2,72.6,75.3,,,,,,,,,,,,,,,,,,,,,,,,,,,,,,,,,,,
139,Scarborough Village,2183,2461,4644,7915,8616,16531,27.7,28.9,28.3,1.26,H,26.8,28.5,28.1,29.7,27.7,28.9,27.6,28.6,28.1,1.22,H,26.6,28.6,27.6,29.5,27.4,28.8,162,171,333,3721,3893,7614,4.4,4.4,4.4,1.52,H,3.7,5.0,3.7,5.0,3.9,4.8,1003,988,1991,2735,2923,5658,36.7,33.8,35.2,1.36,H,34.9,38.5,32.1,35.5,33.9,36.4,1018,1302,2320,1459,1800,3259,69.8,72.3,71.2,1.11,H,67.4,72.1,70.3,74.4,69.6,72.7,,,,,,,,,,,,,,,,,,,,,,,,,,,,,,,,,,,
140,Guildwood,1424,1669,3093,4398,5083,9481,25.6,25.0,25.3,1.12,H,24.5,26.7,24.1,26.0,24.5,26.0,32.4,32.8,32.6,1.42,H,31.0,33.8,31.5,34.1,31.7,33.6,64,51,115,1644,1701,3345,3.9,3.0,3.4,1.17,NS,3.0,4.8,2.2,3.8,2.8,4.1,468,456,924,1493,1654,3147,31.3,27.6,29.4,1.14,H,29.0,33.7,25.4,29.7,27.8,31.0,892,1162,2054,1261,1728,2989,70.7,67.2,68.7,1.07,H,68.2,73.2,65.0,69.5,67.1,70.4,,,,,,,,,,,,,,,,,,,,,,,,,,,,,,,,,,,
141,Golfdale-Cedarbrae-Woburn,2988,3327,6315,10243,10883,21126,28.6,29.7,29.2,1.30,H,27.9,29.4,29.0,30.4,28.7,29.7,29.2,30.6,29.9,1.30,H,28.3,30.1,29.7,31.4,29.3,30.5,190,212,402,4903,4960,9863,3.9,4.3,4.1,1.41,H,3.3,4.4,3.7,4.8,3.7,4.5,1219,1142,2361,3176,3279,6455,38.4,34.8,36.6,1.42,H,36.7,40.1,33.2,36.5,35.4,37.8,1579,1973,3552,2164,2644,4808,73.0,74.6,73.9,1.15,H,71.1,74.8,73.0,76.3,72.6,75.1,,,,,,,,,,,,,,,,,,,,,,,,,,,,,,,,,,,
142,Woburn North,2880,3215,6095,11326,11998,23324,26.9,27.8,27.4,1.22,H,26.2,27.7,27.1,28.5,26.9,27.9,25.4,26.8,26.1,1.13,H,24.6,26.2,26.0,27.6,25.6,26.7,265,191,456,5836,5768,11604,4.5,3.3,3.9,1.34,H,4.0,5.1,2.8,3.8,3.6,4.3,1207,1172,2379,3426,3677,7103,35.2,31.9,33.5,1.30,H,33.6,36.8,30.4,33.4,32.4,34.6,1408,1852,3260,2064,2553,4617,68.2,72.5,70.6,1.10,H,66.2,70.2,70.8,74.3,69.3,71.9,,,,,,,,,,,,,,,,,,,,,,,,,,,,,,,,,,,
143,West Rouge,2598,2786,5384,8199,8963,17162,27.5,26.8,27.1,1.20,H,26.7,28.3,26.0,27.5,26.5,27.6,31.7,31.1,31.4,1.37,H,30.7,32.7,30.1,32.0,30.7,32.1,162,116,278,3473,3445,6918,4.7,3.4,4.0,1.38,H,4.0,5.4,2.8,4.0,3.6,4.5,912,926,1838,2586,2980,5566,35.3,31.1,33.0,1.28,H,33.4,37.1,29.4,32.7,31.8,34.3,1524,1744,3268,2140,2538,4678,71.2,68.7,69.9,1.09,H,69.3,73.1,66.9,70.5,68.5,71.2,,,,,,,,,,,,,,,,,,,,,,,,,,,,,,,,,,,
144,Morningside Heights,3203,3513,6716,10835,11866,22701,29.2,29.7,29.4,1.31,H,28.4,29.9,29.1,30.4,28.9,29.9,29.6,29.6,29.6,1.29,H,28.7,30.4,28.8,30.4,29.0,30.2,216,165,381,5110,5346,10456,4.2,3.1,3.6,1.24,H,3.7,4.8,2.6,3.6,3.3,4.0,1394,1458,2852,3545,3953,7498,39.3,36.9,38.0,1.47,H,37.7,40.9,35.4,38.4,36.9,39.1,1593,1890,3483,2180,2567,4747,73.1,73.6,73.4,1.15,H,71.2,74.9,71.9,75.3,72.1,74.6,,,,,,,,,,,,,,,,,,,,,,,,,,,,,,,,,,,
145,Malvern West,2207,2452,4659,8021,8595,16616,27.2,28.8,28.0,1.24,H,26.4,28.1,28.0,29.6,27.4,28.6,27.5,28.5,28.0,1.22,H,26.5,28.5,27.6,29.5,27.4,28.7,162,128,290,3824,3958,7782,4.2,3.2,3.7,1.28,H,3.6,4.9,2.7,3.8,3.3,4.1,918,949,1867,2602,2758,5360,35.3,34.4,34.8,1.35,H,33.4,37.1,32.6,36.2,33.6,36.1,1127,1375,2502,1595,1879,3474,70.7,73.2,72.0,1.12,H,68.4,72.9,71.2,75.2,70.5,73.5,,,,,,,,,,,,,,,,,,,,,,,,,,,,,,,,,,,
146,Malvern East,2830,3483,6313,9895,11154,21049,27.9,30.5,29.2,1.30,H,27.2,28.7,29.8,31.2,28.7,29.8,28.6,31.2,30.0,1.30,H,27.7,29.5,30.4,32.1,29.4,30.6,198,186,384,4738,4928,9666,4.2,3.8,4.0,1.38,H,3.6,4.7,3.2,4.3,3.6,4.4,1118,1373,2491,3043,3636,6679,36.7,37.8,37.3,1.45,H,35.0,38.5,36.2,39.3,36.1,38.5,1514,1924,3438,2114,2590,4704,71.6,74.3,73.1,1.14,H,69.7,73.5,72.6,76.0,71.8,74.4,,,,,,,,,,,,,,,,,,,,,,,,,,,,,,,,,,,
147,L'Amoreaux West,2891,3608,6499,9628,11158,20786,24.5,25.1,24.8,1.10,H,23.8,25.2,24.5,25.8,24.3,25.3,30.0,32.3,31.3,1.36,H,29.1,30.9,31.5,33.2,30.6,31.9,132,122,254,3870,3899,7769,3.4,3.1,3.3,1.14,NS,2.8,4.0,2.6,3.7,2.9,3.7,922,957,1879,3106,3622,6728,29.7,26.4,27.9,1.08,H,28.1,31.3,25.0,27.9,26.9,29.0,1837,2529,4366,2652,3637,6289,69.3,69.5,69.4,1.08,H,67.5,71.0,68.0,71.0,68.3,70.6,,,,,,,,,,,,,,,,,,,,,,,,,,,,,,,,,,,
148,East L'Amoreaux,2225,2479,4704,8136,8934,17070,24.7,24.7,24.7,1.10,H,23.9,25.5,24.0,25.5,24.1,25.2,27.3,27.7,27.6,1.20,H,26.4,28.3,26.8,28.7,26.9,28.2,132,112,244,3575,3544,7119,3.7,3.2,3.4,1.17,H,3.1,4.3,2.6,3.7,3.0,3.9,833,828,1661,2643,3088,5731,31.5,26.8,29.0,1.12,H,29.7,33.3,25.3,28.4,27.8,30.2,1260,1539,2799,1918,2302,4220,65.7,66.9,66.3,1.03,H,63.6,67.8,64.9,68.8,64.9,67.8,,,,,,,,,,,,,,,,,,,,,,,,,,,,,,,,,,,
149,Parkwoods-O'Connor Hills,1632,1672,3304,5683,6324,12007,25.1,23.1,24.0,1.07,H,24.2,26.0,22.2,23.9,23.4,24.7,28.7,26.4,27.5,1.20,H,27.5,29.9,25.4,27.5,26.7,28.3,80,74,154,2246,2408,4654,3.6,3.1,3.3,1.14,NS,2.8,4.3,2.4,3.8,2.8,3.8,676,548,1224,2160,2269,4429,31.3,24.2,27.6,1.07,H,29.3,33.3,22.4,25.9,26.3,29.0,876,1050,1926,1277,1647,2924,68.6,63.8,65.9,1.03,H,66.1,71.1,61.4,66.1,64.2,67.6,,,,,,,,,,,,,,,,,,,,,,,,,,,,,,,,,,,
150,Fenside-Parkwoods,1957,2358,4315,8391,9611,18002,24.7,24.7,24.6,1.09,H,23.9,25.5,24.0,25.4,24.1,25.2,23.3,24.5,24.0,1.04,H,22.4,24.2,23.7,25.4,23.3,24.6,147,119,266,4270,4342,8612,3.4,2.7,3.1,1.07,NS,2.9,4.0,2.3,3.2,2.7,3.5,813,900,1713,2659,3236,5895,30.6,27.8,29.1,1.13,H,28.8,32.3,26.3,29.4,27.9,30.2,997,1339,2336,1462,2033,3495,68.2,65.9,66.8,1.04,H,65.8,70.6,63.8,67.9,65.3,68.4,,,,,,,,,,,,,,,,,,,,,,,,,,,,,,,,,,,
151,Yonge-Doris,2058,2222,4280,11513,13847,25360,18.5,16.9,17.5,0.78,L,17.8,19.1,16.3,17.4,17.1,17.9,17.9,16.0,16.9,0.73,L,17.2,18.6,15.4,16.7,16.4,17.3,181,81,262,6114,6977,13091,3.0,1.2,2.0,0.69,L,2.5,3.4,0.9,1.4,1.8,2.2,648,563,1211,3203,4029,7232,20.2,14.0,16.7,0.65,L,18.8,21.6,12.9,15.0,15.9,17.6,1229,1578,2807,2196,2841,5037,56.0,55.5,55.7,0.87,L,53.9,58.0,53.7,57.4,54.4,57.1,,,,,,,,,,,,,,,,,,,,,,,,,,,,,,,,,,,
152,East Willowdale,951,959,1910,4488,5334,9822,19.4,16.7,17.9,0.80,L,18.4,20.5,15.9,17.6,17.2,18.6,21.2,18.0,19.4,0.84,L,20.0,22.4,16.9,19.0,18.7,20.2,62,32,94,2062,2330,4392,3.0,1.4,2.1,0.72,L,2.3,3.7,0.9,1.8,1.7,2.6,314,261,575,1425,1732,3157,22.0,15.1,18.2,0.71,L,19.9,24.2,13.4,16.8,16.9,19.6,575,666,1241,1001,1272,2273,57.4,52.4,54.6,0.85,L,54.4,60.5,49.6,55.1,52.6,56.6,,,,,,,,,,,,,,,,,,,,,,,,,,,,,,,,,,,
153,Avondale,958,973,1931,6917,8062,14979,18.0,16.5,17.1,0.76,L,17.1,18.9,15.7,17.3,16.5,17.7,13.8,12.1,12.9,0.56,L,13.0,14.7,11.4,12.8,12.4,13.4,130,72,202,4275,4747,9022,3.0,1.5,2.2,0.76,L,2.5,3.6,1.2,1.9,1.9,2.5,349,345,694,1747,2194,3941,20.0,15.7,17.6,0.68,L,18.1,21.9,14.2,17.2,16.4,18.8,479,556,1035,895,1121,2016,53.5,49.6,51.3,0.80,L,50.3,56.8,46.7,52.5,49.2,53.5,,,,,,,,,,,,,,,,,,,,,,,,,,,,,,,,,,,
154,Oakdale-Beverley Heights,2326,2751,5077,9031,9859,18890,25.2,28.2,26.7,1.19,H,24.4,25.9,27.5,29.0,26.2,27.2,25.8,27.9,26.9,1.17,H,24.9,26.7,27.0,28.8,26.2,27.5,161,168,329,4088,4408,8496,3.9,3.8,3.9,1.34,H,3.3,4.5,3.2,4.4,3.5,4.3,1007,1077,2084,3269,3425,6694,30.8,31.4,31.1,1.21,H,29.2,32.4,29.9,33.0,30.0,32.2,1158,1506,2664,1674,2026,3700,69.2,74.3,72.0,1.12,H,67.0,71.4,72.4,76.2,70.6,73.4,,,,,,,,,,,,,,,,,,,,,,,,,,,,,,,,,,,
155,Downsview,1893,2104,3997,7300,7843,15143,25.8,27.0,26.4,1.17,H,24.9,26.7,26.2,27.8,25.8,27.0,25.9,26.8,26.4,1.15,H,24.9,26.9,25.8,27.8,25.7,27.1,136,130,266,3450,3525,6975,3.9,3.7,3.8,1.31,H,3.3,4.6,3.1,4.3,3.4,4.3,796,798,1594,2477,2664,5141,32.1,30.0,31.0,1.20,H,30.3,34.0,28.2,31.7,29.7,32.3,961,1176,2137,1373,1654,3027,70.0,71.1,70.6,1.10,H,67.6,72.4,68.9,73.3,69.0,72.2,,,,,,,,,,,,,,,,,,,,,,,,,,,,,,,,,,,
156,Bendale-Glen Andrew,2010,2322,4332,7547,8317,15864,26.0,26.2,26.1,1.16,H,25.1,26.9,25.3,27.0,25.5,26.7,26.6,27.9,27.3,1.19,H,25.6,27.6,27.0,28.9,26.6,28.0,152,90,242,3728,3804,7532,4.1,2.4,3.2,1.10,NS,3.4,4.7,1.9,2.8,2.8,3.6,711,685,1396,2165,2330,4495,32.8,29.4,31.1,1.21,H,30.9,34.8,27.5,31.2,29.7,32.4,1147,1547,2694,1654,2183,3837,69.3,70.9,70.2,1.10,H,67.1,71.6,69.0,72.8,68.8,71.7,,,,,,,,,,,,,,,,,,,,,,,,,,,,,,,,,,,
157,Bendale South,1136,1165,2301,3910,4007,7917,28.2,28.2,28.2,1.25,H,27.0,29.4,27.0,29.4,27.3,29.0,29.1,29.1,29.1,1.27,H,27.6,30.5,27.7,30.5,28.1,30.1,82,55,137,1829,1798,3627,4.5,3.1,3.8,1.31,H,3.5,5.4,2.3,3.9,3.2,4.4,469,420,889,1259,1249,2508,37.3,33.6,35.4,1.37,H,34.6,39.9,31.0,36.2,33.6,37.3,585,690,1275,822,960,1782,71.2,71.9,71.5,1.12,H,68.1,74.3,69.0,74.7,69.5,73.6,,,,,,,,,,,,,,,,,,,,,,,,,,,,,,,,,,,
158,Islington,2629,2828,5457,10005,10917,20922,23.2,22.3,22.7,1.01,NS,22.5,23.9,21.7,23.0,22.2,23.2,26.3,25.9,26.1,1.13,H,25.4,27.1,25.1,26.7,25.5,26.7,–,–,–,4269,4351,8620,–,–,–,–,–,–,–,–,–,–,–,–,–,–,3397,3564,6961,–,–,–,–,–,–,–,–,–,–,–,1554,1907,3461,2339,3002,5341,66.4,63.5,64.8,1.01,NS,64.5,68.4,61.8,65.2,63.5,66.1,,,,,,,,,,,,,,,,,,,,,,,,,,,,,,,,,,,
159,Etobicoke City Centre,2096,2376,4472,11013,12259,23272,23.1,22.2,22.6,1.00,NS,22.3,23.9,21.5,22.9,22.1,23.1,19.0,19.4,19.2,0.83,L,18.3,19.8,18.7,20.1,18.7,19.7,254,149,403,6508,6699,13207,3.9,2.2,3.1,1.07,NS,3.4,4.4,1.9,2.6,2.8,3.3,781,694,1475,2881,3235,6116,27.1,21.5,24.1,0.93,L,25.5,28.7,20.0,22.9,23.0,25.2,1061,1533,2594,1624,2325,3949,65.3,65.9,65.7,1.02,H,63.0,67.6,64.0,67.9,64.2,67.2,,,,,,,,,,,,,,,,,,,,,,,,,,,,,,,,,,,
160,Mimico-Queensway,1741,1753,3494,7803,8159,15962,21.8,21.2,21.5,0.96,L,21.0,22.6,20.4,21.9,20.9,22.0,22.3,21.5,21.9,0.95,L,21.4,23.2,20.6,22.4,21.2,22.5,130,89,219,3656,3761,7417,3.6,2.4,3.0,1.03,NS,3.0,4.2,1.9,2.9,2.6,3.3,669,530,1199,2644,2577,5221,25.3,20.6,23.0,0.89,L,23.6,27.0,19.0,22.1,21.8,24.1,942,1134,2076,1503,1821,3324,62.7,62.3,62.5,0.98,NS,60.2,65.1,60.0,64.5,60.8,64.1,,,,,,,,,,,,,,,,,,,,,,,,,,,,,,,,,,,
161,Humber Bay Shores,1901,1829,3730,9230,10442,19672,21.3,18.9,20.0,0.89,L,20.5,22.1,18.2,19.6,19.5,20.5,20.6,17.5,19.0,0.83,L,19.8,21.4,16.8,18.2,18.4,19.5,155,93,248,4958,5477,10435,3.1,1.7,2.4,0.83,L,2.6,3.6,1.4,2.0,2.1,2.7,607,522,1129,2413,2782,5195,25.2,18.8,21.7,0.84,L,23.4,26.9,17.3,20.2,20.6,22.9,1139,1214,2353,1859,2183,4042,61.3,55.6,58.2,0.91,L,59.1,63.5,53.5,57.7,56.7,59.7,,,,,,,,,,,,,,,,,,,,,,,,,,,,,,,,,,,
162,West Queen West,787,692,1479,6136,6256,12392,19.1,18.2,18.6,0.83,L,18.0,20.1,17.1,19.2,17.9,19.4,12.8,11.1,11.9,0.52,L,12.0,13.7,10.3,11.8,11.4,12.5,115,69,184,3903,4044,7947,2.9,1.7,2.3,0.79,L,2.4,3.5,1.3,2.1,2.0,2.6,351,262,613,1680,1563,3243,20.9,16.8,18.9,0.73,L,18.9,22.8,14.9,18.6,17.6,20.2,321,361,682,553,649,1202,58.0,55.6,56.7,0.88,L,53.9,62.2,51.8,59.4,53.9,59.5,,,,,,,,,,,,,,,,,,,,,,,,,,,,,,,,,,,
163,Fort York-Liberty Village,874,703,1577,9898,10490,20388,18.7,16.0,17.3,0.77,L,17.7,19.7,15.0,17.0,16.6,18.0,8.8,6.7,7.7,0.33,L,8.3,9.4,6.2,7.2,7.4,8.1,193,98,291,7610,8044,15654,2.5,1.2,1.9,0.66,L,2.2,2.9,1.0,1.5,1.6,2.1,370,275,645,1730,1757,3487,21.4,15.7,18.5,0.72,L,19.5,23.3,14.0,17.4,17.2,19.8,311,330,641,558,689,1247,55.7,47.9,51.4,0.80,L,51.6,59.9,44.2,51.6,48.6,54.2,,,,,,,,,,,,,,,,,,,,,,,,,,,,,,,,,,,
164,Wellington Place,779,463,1242,11929,11747,23676,15.8,13.5,14.8,0.66,L,14.8,16.8,12.4,14.6,14.1,15.6,6.5,3.9,5.2,0.23,L,6.1,7.0,3.6,4.3,5.0,5.5,190,86,276,9526,9747,19273,2.0,0.9,1.4,0.48,L,1.7,2.3,0.7,1.1,1.3,1.6,360,176,536,1904,1543,3447,18.9,11.4,15.5,0.60,L,17.1,20.7,9.8,13.0,14.3,16.8,229,201,430,499,457,956,45.9,44.0,45.0,0.70,L,41.5,50.3,39.4,48.5,41.8,48.1,,,,,,,,,,,,,,,,,,,,,,,,,,,,,,,,,,,
165,Harbourfront-CityPlace,1239,1015,2254,14267,14135,28402,18.3,16.3,17.3,0.77,L,17.5,19.1,15.5,17.1,16.7,17.9,8.7,7.2,7.9,0.34,L,8.2,9.1,6.8,7.6,7.6,8.3,235,133,368,10997,10706,21703,2.1,1.2,1.7,0.59,L,1.9,2.4,1.0,1.5,1.5,1.9,505,373,878,2351,2403,4754,21.5,15.5,18.5,0.72,L,19.8,23.1,14.1,17.0,17.4,19.6,499,509,1008,919,1026,1945,54.3,49.6,51.8,0.81,L,51.1,57.5,46.6,52.7,49.6,54.0,,,,,,,,,,,,,,,,,,,,,,,,,,,,,,,,,,,
166,St Lawrence-East Bayfront-The Islands,2153,2185,4338,14435,15472,29907,18.8,17.7,18.3,0.81,L,18.2,19.5,17.1,18.4,17.8,18.7,14.9,14.1,14.5,0.63,L,14.3,15.5,13.6,14.7,14.1,14.9,226,131,357,8849,9190,18039,2.6,1.4,2.0,0.69,L,2.2,2.9,1.2,1.7,1.8,2.2,769,644,1413,3488,3559,7047,22.0,18.1,20.1,0.78,L,20.7,23.4,16.8,19.4,19.1,21.0,1158,1410,2568,2098,2723,4821,55.2,51.8,53.3,0.83,L,53.1,57.3,49.9,53.7,51.9,54.7,,,,,,,,,,,,,,,,,,,,,,,,,,,,,,,,,,,
167,Church-Wellesley,1786,949,2735,12211,10133,22344,19.4,17.0,18.6,0.83,L,18.7,20.1,16.1,17.8,18.0,19.2,14.6,9.4,12.2,0.53,L,14.0,15.3,8.8,9.9,11.8,12.7,195,79,274,7436,7162,14598,2.6,1.1,1.9,0.66,L,2.3,3.0,0.9,1.3,1.7,2.1,793,306,1099,3282,1889,5171,24.2,16.2,21.3,0.83,L,22.7,25.6,14.5,17.9,20.1,22.4,798,564,1362,1493,1082,2575,53.4,52.1,52.9,0.83,L,50.9,56.0,49.1,55.1,51.0,54.8,,,,,,,,,,,,,,,,,,,,,,,,,,,,,,,,,,,
168,Downtown Yonge East,1248,942,2190,8926,8455,17381,18.9,17.8,18.5,0.82,L,18.1,19.8,16.9,18.7,17.8,19.1,14.0,11.1,12.6,0.55,L,13.3,14.7,10.5,11.8,12.1,13.1,113,67,180,5570,5625,11195,2.0,1.2,1.6,0.55,L,1.7,2.4,0.9,1.5,1.4,1.8,504,325,829,2219,1770,3989,22.7,18.4,20.8,0.81,L,21.0,24.5,16.6,20.2,19.5,22.0,631,550,1181,1137,1060,2197,55.5,51.9,53.8,0.84,L,52.6,58.4,48.9,54.9,51.7,55.8,,,,,,,,,,,,,,,,,,,,,,,,,,,,,,,,,,,
169,Bay-Cloverhill,894,941,1835,6956,8240,15196,16.6,15.8,16.1,0.72,L,15.7,17.5,14.9,16.6,15.5,16.8,12.9,11.4,12.1,0.53,L,12.1,13.6,10.7,12.1,11.6,12.6,77,43,120,4554,5404,9958,1.7,0.8,1.2,0.41,L,1.3,2.1,0.6,1.0,1.0,1.4,222,208,430,1353,1473,2826,16.4,14.1,15.2,0.59,L,14.4,18.4,12.3,15.9,13.9,16.5,595,690,1285,1049,1363,2412,56.7,50.6,53.3,0.83,L,53.7,59.7,48.0,53.3,51.3,55.3,,,,,,,,,,,,,,,,,,,,,,,,,,,,,,,,,,,
170,Yonge-Bay Corridor,517,559,1076,7074,7908,14982,14.5,15.8,15.1,0.67,L,13.4,15.5,14.8,16.9,14.4,15.9,7.3,7.1,7.2,0.31,L,6.7,7.9,6.5,7.6,6.8,7.6,100,47,147,5338,5919,11257,1.9,0.8,1.3,0.45,L,1.5,2.2,0.6,1.0,1.1,1.5,184,192,376,1243,1360,2603,14.8,14.1,14.4,0.56,L,12.8,16.8,12.3,16.0,13.1,15.8,233,320,553,493,629,1122,47.3,50.9,49.3,0.77,L,42.9,51.7,47.0,54.8,46.4,52.2,,,,,,,,,,,,,,,,,,,,,,,,,,,,,,,,,,,
171,Junction-Wallace Emerson,1935,1979,3914,10631,10806,21437,21.2,22.7,22.0,0.98,NS,20.5,21.9,22.0,23.4,21.5,22.5,18.2,18.3,18.3,0.80,L,17.5,18.9,17.6,19.0,17.7,18.8,186,130,316,5834,6133,11967,3.2,2.1,2.6,0.90,NS,2.7,3.6,1.8,2.5,2.4,2.9,730,626,1356,3272,2875,6147,22.3,21.8,22.1,0.86,L,20.9,23.7,20.3,23.3,21.0,23.1,1019,1223,2242,1525,1798,3323,66.8,68.0,67.5,1.05,H,64.5,69.2,65.9,70.2,65.9,69.1,,,,,,,,,,,,,,,,,,,,,,,,,,,,,,,,,,,
172,Dovercourt Village,1032,1066,2098,5671,5960,11631,20.1,20.3,20.2,0.90,L,19.1,21.0,19.4,21.2,19.5,20.8,18.2,17.9,18.0,0.78,L,17.2,19.2,16.9,18.9,17.3,18.7,74,49,123,3000,3169,6169,2.5,1.5,2.0,0.69,L,1.9,3.0,1.1,2.0,1.6,2.3,366,277,643,1768,1686,3454,20.7,16.4,18.6,0.72,L,18.8,22.6,14.7,18.2,17.3,19.9,592,740,1332,903,1105,2008,65.6,67.0,66.3,1.03,H,62.5,68.7,64.2,69.7,64.3,68.4,,,,,,,,,,,,,,,,,,,,,,,,,,,,,,,,,,,
173,North Toronto,826,1105,1931,6738,8172,14910,18.3,18.4,18.3,0.81,L,17.3,19.3,17.5,19.2,17.6,18.9,12.3,13.5,13.0,0.57,L,11.5,13.0,12.8,14.3,12.4,13.5,101,84,185,4428,4997,9425,2.3,1.7,2.0,0.69,L,1.8,2.7,1.3,2.0,1.7,2.2,345,343,688,1602,1944,3546,21.5,17.6,19.4,0.75,L,19.5,23.5,15.9,19.3,18.1,20.7,380,678,1058,708,1231,1939,53.7,55.1,54.6,0.85,L,50.0,57.3,52.3,57.9,52.3,56.8,,,,,,,,,,,,,,,,,,,,,,,,,,,,,,,,,,,
174,South Eglinton-Davisville,1492,1824,3316,9711,11701,21412,19.2,17.9,18.4,0.82,L,18.4,20.0,17.2,18.6,17.9,18.9,15.4,15.6,15.5,0.67,L,14.6,16.1,14.9,16.2,15.0,16.0,162,97,259,5948,6671,12619,2.7,1.5,2.1,0.72,L,2.3,3.1,1.2,1.7,1.8,2.3,499,447,946,2350,2717,5067,21.2,16.5,18.7,0.72,L,19.6,22.9,15.1,17.8,17.6,19.7,831,1280,2111,1413,2313,3726,58.8,55.3,56.7,0.88,L,56.2,61.4,53.3,57.4,55.1,58.2,,,,,,,,,,,,,,,,,,,,,,,,,,,,,,,,,,,
,City of Toronto   ,276458,299852,576310,1199374,1301147,2500521,22.6,22.4,22.5,1.00,,22.5,22.6,22.4,22.5,22.4,22.5,23.1,23.0,23.0,1.00,,23.0,23.1,23.0,23.1,23.0,23.1,19427,14491,33918,583543,604616,1188159,3.3,2.4,2.9,1.00,,3.3,3.4,2.4,2.4,2.8,2.9,104659,96089,200748,378984,400348,779332,27.6,24.0,25.8,1.00,,27.5,27.8,23.9,24.1,25.7,25.9,152372,189272,341644,236847,296183,533030,64.3,63.9,64.1,1.00,,64.1,64.5,63.7,64.1,64.0,64.2,,,,,,,,,,,,,,,,,,,,,,,,,,,,,,,,,,,